sale_id,sale_date,customer_name,email,region_name,product_name,category,quantity,sale_amount
10,2023-10-26,Amit Singh,amit.singh@example.com,Central,Laptop,Electronics,1,75000.0
63,2024-06-10,Ravi Chopra,ravi.chopra@example.com,Central,Laptop,Electronics,5,375000.0
80,2024-01-05,Sneha Reddy,sneha.reddy@example.com,Central,Laptop,Electronics,2,150000.0
99,2023-02-24,Simran Mehta,simran.mehta@example.com,Central,Laptop,Electronics,5,375000.0
109,2024-12-26,Arjun Gupta,arjun.gupta@example.com,Central,Laptop,Electronics,5,375000.0
138,2024-09-07,Simran Sharma,simran.sharma@example.com,Central,Laptop,Electronics,5,375000.0
196,2023-01-30,Karan Mehta,karan.mehta@example.com,Central,Laptop,Electronics,5,375000.0
368,2024-02-28,Neha Chopra,neha.chopra@example.com,Central,Laptop,Electronics,5,375000.0
449,2024-06-23,Karan Mehta,karan.mehta@example.com,Central,Laptop,Electronics,1,75000.0
462,2024-12-13,Arjun Chopra,arjun.chopra@example.com,Central,Laptop,Electronics,1,75000.0
516,2024-04-24,Ravi Sharma,ravi.sharma@example.com,Central,Laptop,Electronics,5,375000.0
596,2024-10-24,Amit Kumar,amit.kumar@example.com,Central,Laptop,Electronics,3,225000.0
597,2023-01-04,Simran Reddy,simran.reddy@example.com,Central,Laptop,Electronics,4,300000.0
604,2023-08-04,Amit Reddy,amit.reddy@example.com,Central,Laptop,Electronics,5,375000.0
605,2024-08-18,Priya Reddy,priya.reddy@example.com,Central,Laptop,Electronics,3,225000.0
623,2024-07-21,Simran Kumar,simran.kumar@example.com,Central,Laptop,Electronics,1,75000.0
624,2024-11-23,Sneha Kumar,sneha.kumar@example.com,Central,Laptop,Electronics,1,75000.0
635,2023-10-09,Priya Patel,priya.patel@example.com,Central,Laptop,Electronics,4,300000.0
757,2024-09-19,Karan Mehta,karan.mehta@example.com,Central,Laptop,Electronics,3,225000.0
788,2024-11-01,Neha Sharma,neha.sharma@example.com,Central,Laptop,Electronics,1,75000.0
893,2023-05-20,Ravi Sharma,ravi.sharma@example.com,Central,Laptop,Electronics,2,150000.0
954,2024-05-30,Arjun Singh,arjun.singh@example.com,Central,Laptop,Electronics,1,75000.0
998,2023-09-13,Sneha Verma,sneha.verma@example.com,Central,Laptop,Electronics,2,150000.0
999,2023-06-07,Neha Singh,neha.singh@example.com,Central,Laptop,Electronics,3,225000.0
23,2023-06-13,Arjun Chopra,arjun.chopra@example.com,West,Laptop,Electronics,3,225000.0
52,2023-07-05,Priya Reddy,priya.reddy@example.com,West,Laptop,Electronics,3,225000.0
136,2024-06-14,Arjun Kumar,arjun.kumar@example.com,West,Laptop,Electronics,5,375000.0
143,2024-01-26,Neha Singh,neha.singh@example.com,West,Laptop,Electronics,2,150000.0
147,2023-02-14,Arjun Singh,arjun.singh@example.com,West,Laptop,Electronics,1,75000.0
218,2023-07-19,Amit Gupta,amit.gupta@example.com,West,Laptop,Electronics,3,225000.0
227,2024-06-06,Amit Gupta,amit.gupta@example.com,West,Laptop,Electronics,1,75000.0
331,2023-12-25,Karan Singh,karan.singh@example.com,West,Laptop,Electronics,3,225000.0
348,2024-01-17,Neha Sharma,neha.sharma@example.com,West,Laptop,Electronics,5,375000.0
396,2023-11-21,Arjun Patel,arjun.patel@example.com,West,Laptop,Electronics,5,375000.0
397,2024-03-31,Arjun Chopra,arjun.chopra@example.com,West,Laptop,Electronics,4,300000.0
433,2023-02-12,Karan Verma,karan.verma@example.com,West,Laptop,Electronics,1,75000.0
573,2023-12-09,Priya Patel,priya.patel@example.com,West,Laptop,Electronics,3,225000.0
656,2024-05-07,Pooja Verma,pooja.verma@example.com,West,Laptop,Electronics,2,150000.0
668,2024-09-11,Rahul Verma,rahul.verma@example.com,West,Laptop,Electronics,1,75000.0
706,2024-06-30,Amit Iyer,amit.iyer@example.com,West,Laptop,Electronics,3,225000.0
770,2023-01-24,Rahul Gupta,rahul.gupta@example.com,West,Laptop,Electronics,5,375000.0
792,2024-03-04,Arjun Patel,arjun.patel@example.com,West,Laptop,Electronics,1,75000.0
855,2024-12-03,Rahul Verma,rahul.verma@example.com,West,Laptop,Electronics,4,300000.0
934,2024-04-07,Amit Gupta,amit.gupta@example.com,West,Laptop,Electronics,5,375000.0
959,2023-01-01,Karan Kumar,karan.kumar@example.com,West,Laptop,Electronics,1,75000.0
967,2023-01-22,Priya Kumar,priya.kumar@example.com,West,Laptop,Electronics,4,300000.0
973,2023-03-15,Neha Gupta,neha.gupta@example.com,West,Laptop,Electronics,4,300000.0
976,2024-05-28,Neha Sharma,neha.sharma@example.com,West,Laptop,Electronics,5,375000.0
4,2023-12-01,Arjun Gupta,arjun.gupta@example.com,East,Laptop,Electronics,50,300000.0
38,2023-12-06,Arjun Iyer,arjun.iyer@example.com,East,Laptop,Electronics,4,300000.0
124,2024-10-02,Karan Iyer,karan.iyer@example.com,East,Laptop,Electronics,2,150000.0
230,2024-09-06,Rahul Verma,rahul.verma@example.com,East,Laptop,Electronics,1,75000.0
355,2024-05-26,Priya Reddy,priya.reddy@example.com,East,Laptop,Electronics,5,375000.0
390,2023-02-17,Rahul Reddy,rahul.reddy@example.com,East,Laptop,Electronics,3,225000.0
413,2023-11-24,Amit Gupta,amit.gupta@example.com,East,Laptop,Electronics,5,375000.0
451,2023-04-18,Simran Gupta,simran.gupta@example.com,East,Laptop,Electronics,5,375000.0
459,2024-01-12,Sneha Chopra,sneha.chopra@example.com,East,Laptop,Electronics,3,225000.0
482,2023-08-03,Amit Kumar,amit.kumar@example.com,East,Laptop,Electronics,2,150000.0
517,2024-09-09,Neha Verma,neha.verma@example.com,East,Laptop,Electronics,4,300000.0
600,2024-04-20,Amit Gupta,amit.gupta@example.com,East,Laptop,Electronics,1,75000.0
612,2023-05-31,Rahul Sharma,rahul.sharma@example.com,East,Laptop,Electronics,4,300000.0
626,2024-07-03,Karan Singh,karan.singh@example.com,East,Laptop,Electronics,5,375000.0
683,2023-04-25,Priya Kumar,priya.kumar@example.com,East,Laptop,Electronics,4,300000.0
696,2023-02-01,Karan Sharma,karan.sharma@example.com,East,Laptop,Electronics,5,375000.0
725,2024-08-27,Sneha Kumar,sneha.kumar@example.com,East,Laptop,Electronics,4,300000.0
772,2024-04-29,Neha Kumar,neha.kumar@example.com,East,Laptop,Electronics,1,75000.0
854,2023-06-25,Sneha Iyer,sneha.iyer@example.com,East,Laptop,Electronics,5,375000.0
897,2024-06-20,Arjun Patel,arjun.patel@example.com,East,Laptop,Electronics,4,300000.0
931,2024-11-11,Ravi Sharma,ravi.sharma@example.com,East,Laptop,Electronics,1,75000.0
937,2023-02-09,Neha Singh,neha.singh@example.com,East,Laptop,Electronics,1,75000.0
957,2023-03-08,Simran Iyer,simran.iyer@example.com,East,Laptop,Electronics,5,375000.0
977,2023-02-26,Ravi Chopra,ravi.chopra@example.com,East,Laptop,Electronics,1,75000.0
7,2024-05-13,Sneha Verma,sneha.verma@example.com,South,Laptop,Electronics,2,150000.0
20,2023-08-26,Sneha Verma,sneha.verma@example.com,South,Laptop,Electronics,4,300000.0
219,2023-07-12,Arjun Chopra,arjun.chopra@example.com,South,Laptop,Electronics,5,375000.0
232,2024-02-29,Simran Reddy,simran.reddy@example.com,South,Laptop,Electronics,1,75000.0
244,2023-02-16,Simran Patel,simran.patel@example.com,South,Laptop,Electronics,5,375000.0
371,2024-04-01,Rahul Sharma,rahul.sharma@example.com,South,Laptop,Electronics,3,225000.0
376,2023-09-23,Arjun Chopra,arjun.chopra@example.com,South,Laptop,Electronics,2,150000.0
411,2023-04-25,Ravi Singh,ravi.singh@example.com,South,Laptop,Electronics,2,150000.0
426,2024-04-06,Arjun Gupta,arjun.gupta@example.com,South,Laptop,Electronics,1,75000.0
429,2023-05-22,Karan Mehta,karan.mehta@example.com,South,Laptop,Electronics,4,300000.0
456,2024-07-14,Neha Verma,neha.verma@example.com,South,Laptop,Electronics,4,300000.0
461,2023-07-08,Arjun Singh,arjun.singh@example.com,South,Laptop,Electronics,3,225000.0
519,2023-03-21,Ravi Sharma,ravi.sharma@example.com,South,Laptop,Electronics,4,300000.0
694,2024-12-02,Neha Verma,neha.verma@example.com,South,Laptop,Electronics,5,375000.0
708,2024-12-13,Pooja Chopra,pooja.chopra@example.com,South,Laptop,Electronics,5,375000.0
731,2023-07-13,Neha Sharma,neha.sharma@example.com,South,Laptop,Electronics,1,75000.0
733,2024-01-10,Arjun Reddy,arjun.reddy@example.com,South,Laptop,Electronics,3,225000.0
761,2023-08-21,Neha Kumar,neha.kumar@example.com,South,Laptop,Electronics,4,300000.0
765,2024-05-24,Amit Verma,amit.verma@example.com,South,Laptop,Electronics,3,225000.0
809,2024-11-01,Arjun Gupta,arjun.gupta@example.com,South,Laptop,Electronics,3,225000.0
839,2023-09-19,Amit Gupta,amit.gupta@example.com,South,Laptop,Electronics,3,225000.0
863,2024-07-24,Neha Verma,neha.verma@example.com,South,Laptop,Electronics,5,375000.0
882,2024-05-17,Simran Mehta,simran.mehta@example.com,South,Laptop,Electronics,1,75000.0
59,2023-07-09,Sneha Chopra,sneha.chopra@example.com,North,Laptop,Electronics,2,150000.0
75,2023-12-01,Arjun Iyer,arjun.iyer@example.com,North,Laptop,Electronics,3,225000.0
79,2024-08-05,Rahul Reddy,rahul.reddy@example.com,North,Laptop,Electronics,3,225000.0
90,2023-05-27,Rahul Verma,rahul.verma@example.com,North,Laptop,Electronics,3,225000.0
199,2024-08-30,Amit Kumar,amit.kumar@example.com,North,Laptop,Electronics,4,300000.0
221,2024-03-29,Pooja Sharma,pooja.sharma@example.com,North,Laptop,Electronics,3,225000.0
243,2024-05-26,Pooja Reddy,pooja.reddy@example.com,North,Laptop,Electronics,1,75000.0
250,2023-04-05,Arjun Kumar,arjun.kumar@example.com,North,Laptop,Electronics,3,225000.0
293,2023-09-06,Sneha Verma,sneha.verma@example.com,North,Laptop,Electronics,4,300000.0
297,2023-07-18,Ravi Chopra,ravi.chopra@example.com,North,Laptop,Electronics,4,300000.0
322,2023-03-16,Sneha Kumar,sneha.kumar@example.com,North,Laptop,Electronics,3,225000.0
382,2023-06-08,Ravi Sharma,ravi.sharma@example.com,North,Laptop,Electronics,1,75000.0
407,2023-02-26,Amit Iyer,amit.iyer@example.com,North,Laptop,Electronics,5,375000.0
431,2024-03-03,Ravi Singh,ravi.singh@example.com,North,Laptop,Electronics,4,300000.0
452,2024-05-11,Simran Patel,simran.patel@example.com,North,Laptop,Electronics,3,225000.0
465,2024-02-21,Amit Singh,amit.singh@example.com,North,Laptop,Electronics,5,375000.0
471,2023-06-23,Sneha Kumar,sneha.kumar@example.com,North,Laptop,Electronics,5,375000.0
481,2023-12-18,Sneha Chopra,sneha.chopra@example.com,North,Laptop,Electronics,2,150000.0
483,2023-03-25,Arjun Verma,arjun.verma@example.com,North,Laptop,Electronics,4,300000.0
505,2024-03-24,Rahul Reddy,rahul.reddy@example.com,North,Laptop,Electronics,3,225000.0
518,2024-04-01,Karan Singh,karan.singh@example.com,North,Laptop,Electronics,5,375000.0
563,2023-03-05,Rahul Reddy,rahul.reddy@example.com,North,Laptop,Electronics,5,375000.0
603,2024-01-19,Arjun Chopra,arjun.chopra@example.com,North,Laptop,Electronics,4,300000.0
616,2024-05-28,Ravi Chopra,ravi.chopra@example.com,North,Laptop,Electronics,2,150000.0
674,2023-12-11,Arjun Reddy,arjun.reddy@example.com,North,Laptop,Electronics,2,150000.0
687,2023-09-27,Simran Patel,simran.patel@example.com,North,Laptop,Electronics,5,375000.0
691,2023-01-04,Sneha Iyer,sneha.iyer@example.com,North,Laptop,Electronics,2,150000.0
728,2023-06-29,Priya Patel,priya.patel@example.com,North,Laptop,Electronics,5,375000.0
843,2024-09-08,Neha Singh,neha.singh@example.com,North,Laptop,Electronics,1,75000.0
895,2023-12-22,Rahul Sharma,rahul.sharma@example.com,North,Laptop,Electronics,4,300000.0
984,2023-02-26,Amit Singh,amit.singh@example.com,North,Laptop,Electronics,3,225000.0
70,2024-03-26,Priya Reddy,priya.reddy@example.com,Central,Mobile Phone,Electronics,5,125000.0
98,2023-06-07,Rahul Sharma,rahul.sharma@example.com,Central,Mobile Phone,Electronics,4,100000.0
225,2024-03-13,Pooja Chopra,pooja.chopra@example.com,Central,Mobile Phone,Electronics,3,75000.0
262,2024-11-15,Ravi Iyer,ravi.iyer@example.com,Central,Mobile Phone,Electronics,4,100000.0
296,2024-01-05,Neha Reddy,neha.reddy@example.com,Central,Mobile Phone,Electronics,2,50000.0
342,2024-02-16,Neha Reddy,neha.reddy@example.com,Central,Mobile Phone,Electronics,1,25000.0
372,2023-09-27,Neha Singh,neha.singh@example.com,Central,Mobile Phone,Electronics,4,100000.0
380,2024-08-16,Neha Chopra,neha.chopra@example.com,Central,Mobile Phone,Electronics,5,125000.0
469,2024-05-13,Neha Sharma,neha.sharma@example.com,Central,Mobile Phone,Electronics,2,50000.0
523,2024-12-18,Simran Mehta,simran.mehta@example.com,Central,Mobile Phone,Electronics,4,100000.0
537,2023-12-24,Neha Reddy,neha.reddy@example.com,Central,Mobile Phone,Electronics,1,25000.0
621,2023-02-07,Amit Gupta,amit.gupta@example.com,Central,Mobile Phone,Electronics,3,75000.0
659,2024-03-14,Karan Singh,karan.singh@example.com,Central,Mobile Phone,Electronics,3,75000.0
666,2023-03-03,Neha Sharma,neha.sharma@example.com,Central,Mobile Phone,Electronics,4,100000.0
677,2023-11-19,Simran Reddy,simran.reddy@example.com,Central,Mobile Phone,Electronics,1,25000.0
730,2024-01-21,Neha Verma,neha.verma@example.com,Central,Mobile Phone,Electronics,3,75000.0
791,2023-01-10,Amit Kumar,amit.kumar@example.com,Central,Mobile Phone,Electronics,5,125000.0
856,2023-08-25,Sneha Chopra,sneha.chopra@example.com,Central,Mobile Phone,Electronics,3,75000.0
894,2023-11-07,Arjun Kumar,arjun.kumar@example.com,Central,Mobile Phone,Electronics,5,125000.0
907,2024-09-24,Arjun Singh,arjun.singh@example.com,Central,Mobile Phone,Electronics,3,75000.0
961,2023-08-07,Rahul Reddy,rahul.reddy@example.com,Central,Mobile Phone,Electronics,3,75000.0
2,2024-04-22,Rahul Gupta,rahul.gupta@example.com,West,Mobile Phone,Electronics,20,50000.0
26,2023-03-22,Arjun Verma,arjun.verma@example.com,West,Mobile Phone,Electronics,5,125000.0
39,2024-06-19,Pooja Chopra,pooja.chopra@example.com,West,Mobile Phone,Electronics,2,50000.0
163,2024-07-17,Pooja Reddy,pooja.reddy@example.com,West,Mobile Phone,Electronics,4,100000.0
234,2024-09-15,Arjun Chopra,arjun.chopra@example.com,West,Mobile Phone,Electronics,2,50000.0
266,2024-01-04,Ravi Chopra,ravi.chopra@example.com,West,Mobile Phone,Electronics,1,25000.0
273,2023-01-02,Karan Singh,karan.singh@example.com,West,Mobile Phone,Electronics,3,75000.0
294,2024-06-11,Arjun Chopra,arjun.chopra@example.com,West,Mobile Phone,Electronics,4,100000.0
311,2023-12-28,Priya Patel,priya.patel@example.com,West,Mobile Phone,Electronics,4,100000.0
329,2024-03-04,Pooja Chopra,pooja.chopra@example.com,West,Mobile Phone,Electronics,5,125000.0
363,2024-01-30,Amit Iyer,amit.iyer@example.com,West,Mobile Phone,Electronics,5,125000.0
392,2024-10-02,Neha Iyer,neha.iyer@example.com,West,Mobile Phone,Electronics,1,25000.0
432,2023-03-03,Neha Sharma,neha.sharma@example.com,West,Mobile Phone,Electronics,1,25000.0
442,2023-10-14,Amit Gupta,amit.gupta@example.com,West,Mobile Phone,Electronics,2,50000.0
493,2024-01-26,Rahul Gupta,rahul.gupta@example.com,West,Mobile Phone,Electronics,3,75000.0
514,2024-07-20,Priya Iyer,priya.iyer@example.com,West,Mobile Phone,Electronics,3,75000.0
515,2023-01-13,Neha Reddy,neha.reddy@example.com,West,Mobile Phone,Electronics,2,50000.0
526,2024-04-17,Arjun Chopra,arjun.chopra@example.com,West,Mobile Phone,Electronics,2,50000.0
550,2023-08-05,Arjun Gupta,arjun.gupta@example.com,West,Mobile Phone,Electronics,4,100000.0
583,2024-06-21,Simran Patel,simran.patel@example.com,West,Mobile Phone,Electronics,4,100000.0
649,2023-02-06,Neha Singh,neha.singh@example.com,West,Mobile Phone,Electronics,5,125000.0
740,2024-08-07,Amit Gupta,amit.gupta@example.com,West,Mobile Phone,Electronics,5,125000.0
775,2024-05-01,Simran Reddy,simran.reddy@example.com,West,Mobile Phone,Electronics,4,100000.0
779,2023-02-20,Simran Patel,simran.patel@example.com,West,Mobile Phone,Electronics,3,75000.0
865,2023-06-12,Neha Sharma,neha.sharma@example.com,West,Mobile Phone,Electronics,2,50000.0
921,2024-04-12,Rahul Gupta,rahul.gupta@example.com,West,Mobile Phone,Electronics,1,25000.0
928,2023-10-14,Amit Reddy,amit.reddy@example.com,West,Mobile Phone,Electronics,4,100000.0
942,2024-03-12,Ravi Sharma,ravi.sharma@example.com,West,Mobile Phone,Electronics,4,100000.0
992,2024-05-04,Neha Singh,neha.singh@example.com,West,Mobile Phone,Electronics,3,75000.0
17,2024-11-07,Karan Verma,karan.verma@example.com,East,Mobile Phone,Electronics,1,25000.0
46,2024-09-22,Priya Sharma,priya.sharma@example.com,East,Mobile Phone,Electronics,5,125000.0
73,2024-04-24,Simran Iyer,simran.iyer@example.com,East,Mobile Phone,Electronics,4,100000.0
229,2024-03-29,Arjun Gupta,arjun.gupta@example.com,East,Mobile Phone,Electronics,3,75000.0
261,2023-05-13,Simran Verma,simran.verma@example.com,East,Mobile Phone,Electronics,2,50000.0
264,2024-11-20,Amit Kumar,amit.kumar@example.com,East,Mobile Phone,Electronics,1,25000.0
285,2024-04-03,Neha Singh,neha.singh@example.com,East,Mobile Phone,Electronics,1,25000.0
289,2023-04-16,Neha Iyer,neha.iyer@example.com,East,Mobile Phone,Electronics,1,25000.0
324,2024-08-12,Simran Mehta,simran.mehta@example.com,East,Mobile Phone,Electronics,4,100000.0
328,2023-12-02,Priya Kumar,priya.kumar@example.com,East,Mobile Phone,Electronics,5,125000.0
340,2024-12-21,Arjun Kumar,arjun.kumar@example.com,East,Mobile Phone,Electronics,4,100000.0
344,2023-02-02,Arjun Patel,arjun.patel@example.com,East,Mobile Phone,Electronics,2,50000.0
373,2023-04-19,Ravi Sharma,ravi.sharma@example.com,East,Mobile Phone,Electronics,3,75000.0
393,2024-11-06,Sneha Sharma,sneha.sharma@example.com,East,Mobile Phone,Electronics,3,75000.0
532,2023-12-15,Neha Singh,neha.singh@example.com,East,Mobile Phone,Electronics,3,75000.0
535,2023-11-09,Arjun Chopra,arjun.chopra@example.com,East,Mobile Phone,Electronics,4,100000.0
541,2024-08-20,Karan Singh,karan.singh@example.com,East,Mobile Phone,Electronics,1,25000.0
545,2023-03-11,Arjun Singh,arjun.singh@example.com,East,Mobile Phone,Electronics,3,75000.0
555,2023-10-17,Priya Kumar,priya.kumar@example.com,East,Mobile Phone,Electronics,5,125000.0
570,2023-11-08,Arjun Chopra,arjun.chopra@example.com,East,Mobile Phone,Electronics,4,100000.0
609,2023-10-26,Neha Sharma,neha.sharma@example.com,East,Mobile Phone,Electronics,4,100000.0
655,2023-09-17,Amit Singh,amit.singh@example.com,East,Mobile Phone,Electronics,2,50000.0
711,2024-05-19,Neha Chopra,neha.chopra@example.com,East,Mobile Phone,Electronics,5,125000.0
720,2024-09-01,Neha Iyer,neha.iyer@example.com,East,Mobile Phone,Electronics,4,100000.0
805,2023-01-10,Simran Sharma,simran.sharma@example.com,East,Mobile Phone,Electronics,2,50000.0
827,2024-06-04,Ravi Sharma,ravi.sharma@example.com,East,Mobile Phone,Electronics,5,125000.0
866,2024-05-09,Arjun Patel,arjun.patel@example.com,East,Mobile Phone,Electronics,4,100000.0
908,2024-05-21,Pooja Singh,pooja.singh@example.com,East,Mobile Phone,Electronics,4,100000.0
918,2024-12-06,Karan Singh,karan.singh@example.com,East,Mobile Phone,Electronics,5,125000.0
951,2024-03-01,Amit Verma,amit.verma@example.com,East,Mobile Phone,Electronics,3,75000.0
958,2023-03-26,Amit Kumar,amit.kumar@example.com,East,Mobile Phone,Electronics,5,125000.0
974,2024-11-16,Ravi Chopra,ravi.chopra@example.com,East,Mobile Phone,Electronics,3,75000.0
60,2024-11-29,Simran Kumar,simran.kumar@example.com,South,Mobile Phone,Electronics,1,25000.0
62,2024-08-12,Rahul Reddy,rahul.reddy@example.com,South,Mobile Phone,Electronics,1,25000.0
92,2024-09-29,Rahul Gupta,rahul.gupta@example.com,South,Mobile Phone,Electronics,5,125000.0
95,2024-08-15,Priya Patel,priya.patel@example.com,South,Mobile Phone,Electronics,2,50000.0
134,2023-03-24,Neha Reddy,neha.reddy@example.com,South,Mobile Phone,Electronics,1,25000.0
214,2024-03-19,Karan Mehta,karan.mehta@example.com,South,Mobile Phone,Electronics,1,25000.0
226,2024-12-28,Priya Reddy,priya.reddy@example.com,South,Mobile Phone,Electronics,2,50000.0
237,2023-10-02,Priya Reddy,priya.reddy@example.com,South,Mobile Phone,Electronics,3,75000.0
254,2024-04-20,Ravi Chopra,ravi.chopra@example.com,South,Mobile Phone,Electronics,5,125000.0
309,2023-07-21,Neha Verma,neha.verma@example.com,South,Mobile Phone,Electronics,5,125000.0
489,2023-04-04,Neha Reddy,neha.reddy@example.com,South,Mobile Phone,Electronics,4,100000.0
511,2024-08-22,Amit Mehta,amit.mehta@example.com,South,Mobile Phone,Electronics,5,125000.0
534,2023-06-07,Amit Singh,amit.singh@example.com,South,Mobile Phone,Electronics,3,75000.0
538,2024-08-23,Sneha Sharma,sneha.sharma@example.com,South,Mobile Phone,Electronics,3,75000.0
568,2024-06-21,Ravi Sharma,ravi.sharma@example.com,South,Mobile Phone,Electronics,1,25000.0
632,2024-10-02,Karan Singh,karan.singh@example.com,South,Mobile Phone,Electronics,4,100000.0
643,2023-02-19,Pooja Chopra,pooja.chopra@example.com,South,Mobile Phone,Electronics,1,25000.0
743,2024-09-02,Pooja Chopra,pooja.chopra@example.com,South,Mobile Phone,Electronics,5,125000.0
776,2024-04-19,Neha Chopra,neha.chopra@example.com,South,Mobile Phone,Electronics,2,50000.0
798,2023-09-12,Rahul Sharma,rahul.sharma@example.com,South,Mobile Phone,Electronics,5,125000.0
814,2024-01-01,Sneha Chopra,sneha.chopra@example.com,South,Mobile Phone,Electronics,3,75000.0
902,2023-04-15,Pooja Singh,pooja.singh@example.com,South,Mobile Phone,Electronics,3,75000.0
917,2024-04-15,Priya Kumar,priya.kumar@example.com,South,Mobile Phone,Electronics,1,25000.0
925,2023-01-20,Sneha Sharma,sneha.sharma@example.com,South,Mobile Phone,Electronics,2,50000.0
153,2023-11-29,Ravi Sharma,ravi.sharma@example.com,North,Mobile Phone,Electronics,4,100000.0
318,2024-04-15,Ravi Sharma,ravi.sharma@example.com,North,Mobile Phone,Electronics,4,100000.0
356,2024-03-14,Sneha Sharma,sneha.sharma@example.com,North,Mobile Phone,Electronics,5,125000.0
467,2024-01-02,Neha Sharma,neha.sharma@example.com,North,Mobile Phone,Electronics,4,100000.0
468,2023-06-09,Simran Iyer,simran.iyer@example.com,North,Mobile Phone,Electronics,3,75000.0
488,2023-12-07,Karan Iyer,karan.iyer@example.com,North,Mobile Phone,Electronics,2,50000.0
561,2023-10-26,Amit Reddy,amit.reddy@example.com,North,Mobile Phone,Electronics,1,25000.0
581,2024-02-06,Neha Reddy,neha.reddy@example.com,North,Mobile Phone,Electronics,5,125000.0
594,2024-07-26,Amit Gupta,amit.gupta@example.com,North,Mobile Phone,Electronics,1,25000.0
840,2023-07-25,Arjun Singh,arjun.singh@example.com,North,Mobile Phone,Electronics,4,100000.0
852,2023-08-08,Rahul Sharma,rahul.sharma@example.com,North,Mobile Phone,Electronics,4,100000.0
872,2023-05-08,Karan Sharma,karan.sharma@example.com,North,Mobile Phone,Electronics,1,25000.0
910,2024-06-07,Priya Iyer,priya.iyer@example.com,North,Mobile Phone,Electronics,5,125000.0
993,2024-09-25,Neha Iyer,neha.iyer@example.com,North,Mobile Phone,Electronics,2,50000.0
3,2024-02-09,Amit Singh,amit.singh@example.com,Central,Headphones,Accessories,30,12000.0
268,2023-03-15,Ravi Iyer,ravi.iyer@example.com,Central,Headphones,Accessories,1,3000.0
284,2024-06-08,Priya Sharma,priya.sharma@example.com,Central,Headphones,Accessories,5,15000.0
317,2023-03-13,Karan Iyer,karan.iyer@example.com,Central,Headphones,Accessories,3,9000.0
332,2024-01-13,Simran Reddy,simran.reddy@example.com,Central,Headphones,Accessories,3,9000.0
360,2024-06-07,Rahul Sharma,rahul.sharma@example.com,Central,Headphones,Accessories,5,15000.0
387,2024-10-31,Priya Sharma,priya.sharma@example.com,Central,Headphones,Accessories,3,9000.0
470,2023-10-15,Ravi Chopra,ravi.chopra@example.com,Central,Headphones,Accessories,1,3000.0
727,2024-03-29,Simran Sharma,simran.sharma@example.com,Central,Headphones,Accessories,5,15000.0
736,2023-10-27,Arjun Chopra,arjun.chopra@example.com,Central,Headphones,Accessories,3,9000.0
739,2023-08-01,Karan Iyer,karan.iyer@example.com,Central,Headphones,Accessories,3,9000.0
768,2024-05-01,Arjun Chopra,arjun.chopra@example.com,Central,Headphones,Accessories,5,15000.0
858,2024-07-04,Karan Verma,karan.verma@example.com,Central,Headphones,Accessories,5,15000.0
930,2023-01-18,Neha Chopra,neha.chopra@example.com,Central,Headphones,Accessories,1,3000.0
49,2023-06-20,Priya Patel,priya.patel@example.com,West,Headphones,Accessories,1,3000.0
55,2024-01-12,Ravi Gupta,ravi.gupta@example.com,West,Headphones,Accessories,5,15000.0
65,2024-11-29,Ravi Sharma,ravi.sharma@example.com,West,Headphones,Accessories,4,12000.0
110,2024-05-07,Arjun Gupta,arjun.gupta@example.com,West,Headphones,Accessories,4,12000.0
154,2023-11-26,Rahul Verma,rahul.verma@example.com,West,Headphones,Accessories,2,6000.0
156,2024-07-27,Sneha Sharma,sneha.sharma@example.com,West,Headphones,Accessories,5,15000.0
194,2024-10-29,Neha Singh,neha.singh@example.com,West,Headphones,Accessories,2,6000.0
287,2023-10-18,Ravi Iyer,ravi.iyer@example.com,West,Headphones,Accessories,4,12000.0
347,2023-09-13,Pooja Verma,pooja.verma@example.com,West,Headphones,Accessories,2,6000.0
359,2024-04-30,Amit Verma,amit.verma@example.com,West,Headphones,Accessories,1,3000.0
398,2023-05-11,Rahul Sharma,rahul.sharma@example.com,West,Headphones,Accessories,1,3000.0
409,2024-03-08,Ravi Chopra,ravi.chopra@example.com,West,Headphones,Accessories,3,9000.0
475,2024-07-28,Neha Kumar,neha.kumar@example.com,West,Headphones,Accessories,3,9000.0
477,2024-12-04,Simran Mehta,simran.mehta@example.com,West,Headphones,Accessories,1,3000.0
510,2024-08-08,Pooja Chopra,pooja.chopra@example.com,West,Headphones,Accessories,4,12000.0
556,2023-10-12,Ravi Iyer,ravi.iyer@example.com,West,Headphones,Accessories,3,9000.0
595,2024-06-06,Amit Reddy,amit.reddy@example.com,West,Headphones,Accessories,5,15000.0
614,2024-03-09,Arjun Chopra,arjun.chopra@example.com,West,Headphones,Accessories,2,6000.0
630,2024-09-25,Neha Kumar,neha.kumar@example.com,West,Headphones,Accessories,1,3000.0
670,2024-08-19,Karan Kumar,karan.kumar@example.com,West,Headphones,Accessories,5,15000.0
688,2024-12-09,Pooja Chopra,pooja.chopra@example.com,West,Headphones,Accessories,3,9000.0
693,2024-06-03,Sneha Sharma,sneha.sharma@example.com,West,Headphones,Accessories,4,12000.0
737,2023-01-19,Amit Singh,amit.singh@example.com,West,Headphones,Accessories,2,6000.0
755,2024-03-18,Simran Gupta,simran.gupta@example.com,West,Headphones,Accessories,4,12000.0
783,2023-08-23,Rahul Gupta,rahul.gupta@example.com,West,Headphones,Accessories,1,3000.0
831,2023-09-15,Arjun Gupta,arjun.gupta@example.com,West,Headphones,Accessories,4,12000.0
862,2024-06-12,Arjun Chopra,arjun.chopra@example.com,West,Headphones,Accessories,3,9000.0
37,2024-12-26,Simran Iyer,simran.iyer@example.com,East,Headphones,Accessories,4,12000.0
68,2024-02-14,Priya Kumar,priya.kumar@example.com,East,Headphones,Accessories,3,9000.0
129,2024-02-12,Neha Kumar,neha.kumar@example.com,East,Headphones,Accessories,2,6000.0
169,2023-03-04,Simran Reddy,simran.reddy@example.com,East,Headphones,Accessories,3,9000.0
178,2024-03-28,Amit Iyer,amit.iyer@example.com,East,Headphones,Accessories,2,6000.0
228,2023-07-26,Rahul Sharma,rahul.sharma@example.com,East,Headphones,Accessories,1,3000.0
267,2024-07-24,Ravi Sharma,ravi.sharma@example.com,East,Headphones,Accessories,5,15000.0
272,2024-02-07,Amit Gupta,amit.gupta@example.com,East,Headphones,Accessories,5,15000.0
276,2024-07-20,Simran Kumar,simran.kumar@example.com,East,Headphones,Accessories,3,9000.0
280,2024-06-22,Simran Mehta,simran.mehta@example.com,East,Headphones,Accessories,5,15000.0
325,2023-09-06,Simran Sharma,simran.sharma@example.com,East,Headphones,Accessories,3,9000.0
337,2023-05-02,Pooja Singh,pooja.singh@example.com,East,Headphones,Accessories,1,3000.0
341,2024-08-22,Simran Gupta,simran.gupta@example.com,East,Headphones,Accessories,1,3000.0
439,2023-12-09,Amit Reddy,amit.reddy@example.com,East,Headphones,Accessories,5,15000.0
484,2024-06-24,Rahul Reddy,rahul.reddy@example.com,East,Headphones,Accessories,5,15000.0
502,2024-05-24,Karan Iyer,karan.iyer@example.com,East,Headphones,Accessories,3,9000.0
529,2023-03-01,Priya Reddy,priya.reddy@example.com,East,Headphones,Accessories,2,6000.0
657,2024-01-11,Amit Reddy,amit.reddy@example.com,East,Headphones,Accessories,3,9000.0
703,2024-01-22,Neha Kumar,neha.kumar@example.com,East,Headphones,Accessories,1,3000.0
704,2023-05-07,Simran Gupta,simran.gupta@example.com,East,Headphones,Accessories,1,3000.0
716,2023-05-16,Amit Singh,amit.singh@example.com,East,Headphones,Accessories,2,6000.0
723,2023-07-19,Simran Gupta,simran.gupta@example.com,East,Headphones,Accessories,5,15000.0
729,2024-03-27,Rahul Verma,rahul.verma@example.com,East,Headphones,Accessories,2,6000.0
752,2024-05-15,Amit Iyer,amit.iyer@example.com,East,Headphones,Accessories,4,12000.0
754,2024-07-25,Rahul Sharma,rahul.sharma@example.com,East,Headphones,Accessories,1,3000.0
804,2023-05-14,Neha Kumar,neha.kumar@example.com,East,Headphones,Accessories,2,6000.0
806,2023-01-16,Arjun Patel,arjun.patel@example.com,East,Headphones,Accessories,4,12000.0
808,2023-11-23,Rahul Sharma,rahul.sharma@example.com,East,Headphones,Accessories,4,12000.0
835,2023-01-07,Karan Mehta,karan.mehta@example.com,East,Headphones,Accessories,5,15000.0
886,2023-01-22,Rahul Singh,rahul.singh@example.com,East,Headphones,Accessories,2,6000.0
899,2024-08-29,Amit Mehta,amit.mehta@example.com,East,Headphones,Accessories,2,6000.0
952,2023-05-25,Neha Singh,neha.singh@example.com,East,Headphones,Accessories,4,12000.0
13,2023-01-04,Simran Reddy,simran.reddy@example.com,South,Headphones,Accessories,3,9000.0
47,2024-01-21,Sneha Verma,sneha.verma@example.com,South,Headphones,Accessories,5,15000.0
106,2023-11-13,Neha Kumar,neha.kumar@example.com,South,Headphones,Accessories,3,9000.0
177,2023-02-24,Neha Kumar,neha.kumar@example.com,South,Headphones,Accessories,5,15000.0
207,2023-06-15,Karan Mehta,karan.mehta@example.com,South,Headphones,Accessories,1,3000.0
259,2023-06-06,Karan Reddy,karan.reddy@example.com,South,Headphones,Accessories,5,15000.0
295,2024-12-15,Karan Singh,karan.singh@example.com,South,Headphones,Accessories,5,15000.0
299,2024-04-06,Simran Verma,simran.verma@example.com,South,Headphones,Accessories,5,15000.0
314,2023-09-05,Karan Mehta,karan.mehta@example.com,South,Headphones,Accessories,3,9000.0
320,2023-01-19,Amit Iyer,amit.iyer@example.com,South,Headphones,Accessories,4,12000.0
345,2023-08-17,Simran Mehta,simran.mehta@example.com,South,Headphones,Accessories,4,12000.0
370,2024-08-17,Simran Mehta,simran.mehta@example.com,South,Headphones,Accessories,3,9000.0
374,2024-06-08,Sneha Chopra,sneha.chopra@example.com,South,Headphones,Accessories,1,3000.0
402,2023-08-02,Arjun Patel,arjun.patel@example.com,South,Headphones,Accessories,1,3000.0
417,2023-06-16,Neha Chopra,neha.chopra@example.com,South,Headphones,Accessories,5,15000.0
447,2023-06-30,Arjun Gupta,arjun.gupta@example.com,South,Headphones,Accessories,1,3000.0
491,2024-01-25,Simran Sharma,simran.sharma@example.com,South,Headphones,Accessories,2,6000.0
501,2024-05-14,Priya Reddy,priya.reddy@example.com,South,Headphones,Accessories,2,6000.0
542,2023-11-08,Ravi Sharma,ravi.sharma@example.com,South,Headphones,Accessories,5,15000.0
582,2023-08-14,Ravi Singh,ravi.singh@example.com,South,Headphones,Accessories,3,9000.0
634,2023-09-02,Rahul Gupta,rahul.gupta@example.com,South,Headphones,Accessories,4,12000.0
663,2023-08-15,Rahul Sharma,rahul.sharma@example.com,South,Headphones,Accessories,1,3000.0
745,2024-07-16,Sneha Sharma,sneha.sharma@example.com,South,Headphones,Accessories,4,12000.0
777,2024-03-04,Arjun Patel,arjun.patel@example.com,South,Headphones,Accessories,2,6000.0
867,2024-08-13,Neha Singh,neha.singh@example.com,South,Headphones,Accessories,2,6000.0
876,2024-06-28,Amit Mehta,amit.mehta@example.com,South,Headphones,Accessories,4,12000.0
949,2024-07-05,Arjun Chopra,arjun.chopra@example.com,South,Headphones,Accessories,1,3000.0
66,2024-06-27,Simran Sharma,simran.sharma@example.com,North,Headphones,Accessories,1,3000.0
89,2023-01-17,Amit Kumar,amit.kumar@example.com,North,Headphones,Accessories,1,3000.0
394,2024-10-15,Arjun Reddy,arjun.reddy@example.com,North,Headphones,Accessories,1,3000.0
453,2024-07-11,Rahul Sharma,rahul.sharma@example.com,North,Headphones,Accessories,5,15000.0
528,2024-05-26,Arjun Chopra,arjun.chopra@example.com,North,Headphones,Accessories,2,6000.0
588,2023-06-27,Neha Sharma,neha.sharma@example.com,North,Headphones,Accessories,2,6000.0
629,2024-07-03,Priya Patel,priya.patel@example.com,North,Headphones,Accessories,2,6000.0
651,2023-09-15,Neha Kumar,neha.kumar@example.com,North,Headphones,Accessories,1,3000.0
695,2023-03-17,Neha Kumar,neha.kumar@example.com,North,Headphones,Accessories,3,9000.0
762,2024-06-28,Rahul Singh,rahul.singh@example.com,North,Headphones,Accessories,3,9000.0
763,2024-04-14,Simran Sharma,simran.sharma@example.com,North,Headphones,Accessories,2,6000.0
801,2024-03-29,Pooja Reddy,pooja.reddy@example.com,North,Headphones,Accessories,3,9000.0
810,2023-05-07,Neha Verma,neha.verma@example.com,North,Headphones,Accessories,4,12000.0
873,2024-08-12,Neha Chopra,neha.chopra@example.com,North,Headphones,Accessories,2,6000.0
883,2024-11-05,Pooja Chopra,pooja.chopra@example.com,North,Headphones,Accessories,1,3000.0
892,2023-02-14,Sneha Chopra,sneha.chopra@example.com,North,Headphones,Accessories,3,9000.0
932,2024-12-03,Sneha Kumar,sneha.kumar@example.com,North,Headphones,Accessories,2,6000.0
120,2023-06-23,Simran Gupta,simran.gupta@example.com,Central,Office Chair,Furniture,3,24000.0
140,2024-02-12,Amit Reddy,amit.reddy@example.com,Central,Office Chair,Furniture,4,32000.0
144,2024-01-21,Ravi Iyer,ravi.iyer@example.com,Central,Office Chair,Furniture,3,24000.0
195,2023-03-24,Neha Singh,neha.singh@example.com,Central,Office Chair,Furniture,4,32000.0
319,2023-11-25,Amit Verma,amit.verma@example.com,Central,Office Chair,Furniture,3,24000.0
408,2024-03-16,Neha Chopra,neha.chopra@example.com,Central,Office Chair,Furniture,3,24000.0
425,2023-07-15,Ravi Iyer,ravi.iyer@example.com,Central,Office Chair,Furniture,4,32000.0
530,2023-07-19,Simran Reddy,simran.reddy@example.com,Central,Office Chair,Furniture,2,16000.0
548,2023-11-16,Arjun Patel,arjun.patel@example.com,Central,Office Chair,Furniture,2,16000.0
631,2023-12-13,Arjun Chopra,arjun.chopra@example.com,Central,Office Chair,Furniture,3,24000.0
707,2024-03-23,Neha Singh,neha.singh@example.com,Central,Office Chair,Furniture,3,24000.0
898,2023-03-24,Arjun Verma,arjun.verma@example.com,Central,Office Chair,Furniture,5,40000.0
900,2024-03-18,Karan Verma,karan.verma@example.com,Central,Office Chair,Furniture,4,32000.0
944,2024-07-21,Neha Singh,neha.singh@example.com,Central,Office Chair,Furniture,1,8000.0
953,2024-10-17,Karan Mehta,karan.mehta@example.com,Central,Office Chair,Furniture,3,24000.0
975,2024-05-26,Priya Reddy,priya.reddy@example.com,Central,Office Chair,Furniture,3,24000.0
28,2023-08-17,Amit Mehta,amit.mehta@example.com,West,Office Chair,Furniture,1,8000.0
35,2023-11-27,Arjun Verma,arjun.verma@example.com,West,Office Chair,Furniture,5,40000.0
151,2023-10-27,Arjun Chopra,arjun.chopra@example.com,West,Office Chair,Furniture,3,24000.0
179,2023-05-22,Amit Reddy,amit.reddy@example.com,West,Office Chair,Furniture,1,8000.0
256,2023-12-03,Karan Chopra,karan.chopra@example.com,West,Office Chair,Furniture,5,40000.0
270,2023-04-16,Sneha Chopra,sneha.chopra@example.com,West,Office Chair,Furniture,2,16000.0
298,2024-04-25,Amit Kumar,amit.kumar@example.com,West,Office Chair,Furniture,1,8000.0
308,2024-04-30,Arjun Singh,arjun.singh@example.com,West,Office Chair,Furniture,2,16000.0
313,2024-08-24,Pooja Singh,pooja.singh@example.com,West,Office Chair,Furniture,5,40000.0
346,2024-10-27,Amit Verma,amit.verma@example.com,West,Office Chair,Furniture,1,8000.0
384,2023-02-20,Sneha Chopra,sneha.chopra@example.com,West,Office Chair,Furniture,5,40000.0
415,2024-07-28,Sneha Chopra,sneha.chopra@example.com,West,Office Chair,Furniture,3,24000.0
422,2024-04-07,Neha Chopra,neha.chopra@example.com,West,Office Chair,Furniture,1,8000.0
479,2024-11-06,Amit Gupta,amit.gupta@example.com,West,Office Chair,Furniture,4,32000.0
554,2024-02-11,Priya Kumar,priya.kumar@example.com,West,Office Chair,Furniture,3,24000.0
569,2023-05-17,Rahul Sharma,rahul.sharma@example.com,West,Office Chair,Furniture,4,32000.0
692,2023-03-30,Arjun Chopra,arjun.chopra@example.com,West,Office Chair,Furniture,4,32000.0
701,2023-10-22,Arjun Patel,arjun.patel@example.com,West,Office Chair,Furniture,4,32000.0
742,2024-03-19,Pooja Chopra,pooja.chopra@example.com,West,Office Chair,Furniture,1,8000.0
759,2024-08-27,Amit Gupta,amit.gupta@example.com,West,Office Chair,Furniture,5,40000.0
778,2024-09-06,Karan Singh,karan.singh@example.com,West,Office Chair,Furniture,2,16000.0
853,2024-08-08,Ravi Chopra,ravi.chopra@example.com,West,Office Chair,Furniture,4,32000.0
860,2024-11-19,Pooja Sharma,pooja.sharma@example.com,West,Office Chair,Furniture,5,40000.0
871,2023-11-20,Amit Reddy,amit.reddy@example.com,West,Office Chair,Furniture,3,24000.0
943,2024-08-04,Simran Reddy,simran.reddy@example.com,West,Office Chair,Furniture,1,8000.0
948,2023-08-19,Karan Reddy,karan.reddy@example.com,West,Office Chair,Furniture,2,16000.0
981,2023-11-27,Sneha Sharma,sneha.sharma@example.com,West,Office Chair,Furniture,2,16000.0
983,2023-07-12,Priya Chopra,priya.chopra@example.com,West,Office Chair,Furniture,2,16000.0
34,2024-01-07,Neha Reddy,neha.reddy@example.com,East,Office Chair,Furniture,1,8000.0
45,2024-07-29,Ravi Sharma,ravi.sharma@example.com,East,Office Chair,Furniture,5,40000.0
118,2023-12-12,Rahul Sharma,rahul.sharma@example.com,East,Office Chair,Furniture,3,24000.0
126,2024-01-24,Neha Iyer,neha.iyer@example.com,East,Office Chair,Furniture,1,8000.0
181,2023-03-20,Pooja Singh,pooja.singh@example.com,East,Office Chair,Furniture,2,16000.0
185,2023-02-20,Neha Singh,neha.singh@example.com,East,Office Chair,Furniture,4,32000.0
203,2024-07-22,Sneha Sharma,sneha.sharma@example.com,East,Office Chair,Furniture,1,8000.0
205,2024-07-02,Karan Reddy,karan.reddy@example.com,East,Office Chair,Furniture,2,16000.0
233,2023-02-18,Arjun Verma,arjun.verma@example.com,East,Office Chair,Furniture,2,16000.0
245,2023-02-26,Pooja Verma,pooja.verma@example.com,East,Office Chair,Furniture,2,16000.0
334,2024-07-14,Priya Sharma,priya.sharma@example.com,East,Office Chair,Furniture,1,8000.0
357,2024-11-12,Arjun Chopra,arjun.chopra@example.com,East,Office Chair,Furniture,3,24000.0
421,2023-07-11,Priya Sharma,priya.sharma@example.com,East,Office Chair,Furniture,1,8000.0
441,2023-05-30,Priya Reddy,priya.reddy@example.com,East,Office Chair,Furniture,3,24000.0
553,2023-08-25,Arjun Gupta,arjun.gupta@example.com,East,Office Chair,Furniture,3,24000.0
586,2024-11-19,Amit Gupta,amit.gupta@example.com,East,Office Chair,Furniture,4,32000.0
638,2023-01-17,Priya Patel,priya.patel@example.com,East,Office Chair,Furniture,5,40000.0
718,2023-08-19,Sneha Sharma,sneha.sharma@example.com,East,Office Chair,Furniture,5,40000.0
741,2023-01-19,Arjun Chopra,arjun.chopra@example.com,East,Office Chair,Furniture,2,16000.0
753,2024-03-24,Simran Verma,simran.verma@example.com,East,Office Chair,Furniture,3,24000.0
774,2023-08-28,Arjun Verma,arjun.verma@example.com,East,Office Chair,Furniture,3,24000.0
864,2024-08-14,Neha Sharma,neha.sharma@example.com,East,Office Chair,Furniture,2,16000.0
881,2024-11-21,Sneha Iyer,sneha.iyer@example.com,East,Office Chair,Furniture,2,16000.0
965,2024-10-12,Rahul Reddy,rahul.reddy@example.com,East,Office Chair,Furniture,2,16000.0
966,2024-11-18,Priya Kumar,priya.kumar@example.com,East,Office Chair,Furniture,5,40000.0
994,2023-04-09,Neha Verma,neha.verma@example.com,East,Office Chair,Furniture,2,16000.0
15,2024-11-29,Amit Iyer,amit.iyer@example.com,South,Office Chair,Furniture,1,8000.0
40,2023-10-29,Amit Reddy,amit.reddy@example.com,South,Office Chair,Furniture,5,40000.0
41,2024-11-15,Neha Kumar,neha.kumar@example.com,South,Office Chair,Furniture,4,32000.0
56,2023-10-01,Arjun Reddy,arjun.reddy@example.com,South,Office Chair,Furniture,4,32000.0
125,2023-01-05,Arjun Gupta,arjun.gupta@example.com,South,Office Chair,Furniture,3,24000.0
173,2023-01-27,Rahul Reddy,rahul.reddy@example.com,South,Office Chair,Furniture,1,8000.0
253,2024-11-11,Karan Mehta,karan.mehta@example.com,South,Office Chair,Furniture,1,8000.0
323,2023-04-24,Ravi Singh,ravi.singh@example.com,South,Office Chair,Furniture,5,40000.0
358,2024-03-08,Sneha Sharma,sneha.sharma@example.com,South,Office Chair,Furniture,4,32000.0
381,2023-01-07,Sneha Verma,sneha.verma@example.com,South,Office Chair,Furniture,4,32000.0
500,2023-02-22,Pooja Sharma,pooja.sharma@example.com,South,Office Chair,Furniture,5,40000.0
509,2023-07-24,Simran Iyer,simran.iyer@example.com,South,Office Chair,Furniture,1,8000.0
525,2023-10-16,Arjun Gupta,arjun.gupta@example.com,South,Office Chair,Furniture,3,24000.0
557,2024-04-25,Rahul Singh,rahul.singh@example.com,South,Office Chair,Furniture,3,24000.0
697,2024-05-16,Arjun Patel,arjun.patel@example.com,South,Office Chair,Furniture,4,32000.0
715,2024-09-23,Amit Gupta,amit.gupta@example.com,South,Office Chair,Furniture,2,16000.0
756,2024-07-07,Neha Chopra,neha.chopra@example.com,South,Office Chair,Furniture,2,16000.0
811,2024-09-27,Rahul Singh,rahul.singh@example.com,South,Office Chair,Furniture,2,16000.0
914,2023-08-16,Pooja Chopra,pooja.chopra@example.com,South,Office Chair,Furniture,2,16000.0
933,2024-08-24,Sneha Reddy,sneha.reddy@example.com,South,Office Chair,Furniture,2,16000.0
995,2024-10-29,Neha Iyer,neha.iyer@example.com,South,Office Chair,Furniture,1,8000.0
11,2024-09-03,Arjun Reddy,arjun.reddy@example.com,North,Office Chair,Furniture,3,24000.0
12,2023-11-10,Rahul Verma,rahul.verma@example.com,North,Office Chair,Furniture,5,40000.0
21,2023-07-20,Karan Sharma,karan.sharma@example.com,North,Office Chair,Furniture,5,40000.0
83,2024-10-31,Ravi Iyer,ravi.iyer@example.com,North,Office Chair,Furniture,4,32000.0
145,2024-08-25,Neha Iyer,neha.iyer@example.com,North,Office Chair,Furniture,2,16000.0
161,2024-09-24,Neha Chopra,neha.chopra@example.com,North,Office Chair,Furniture,5,40000.0
171,2023-03-13,Pooja Singh,pooja.singh@example.com,North,Office Chair,Furniture,4,32000.0
258,2023-10-20,Karan Mehta,karan.mehta@example.com,North,Office Chair,Furniture,1,8000.0
282,2023-07-30,Amit Kumar,amit.kumar@example.com,North,Office Chair,Furniture,3,24000.0
301,2023-09-20,Neha Gupta,neha.gupta@example.com,North,Office Chair,Furniture,1,8000.0
310,2024-10-14,Karan Mehta,karan.mehta@example.com,North,Office Chair,Furniture,4,32000.0
312,2024-08-31,Priya Kumar,priya.kumar@example.com,North,Office Chair,Furniture,2,16000.0
416,2023-06-30,Priya Reddy,priya.reddy@example.com,North,Office Chair,Furniture,1,8000.0
633,2024-04-07,Simran Gupta,simran.gupta@example.com,North,Office Chair,Furniture,5,40000.0
671,2024-02-11,Neha Chopra,neha.chopra@example.com,North,Office Chair,Furniture,1,8000.0
676,2023-05-15,Neha Sharma,neha.sharma@example.com,North,Office Chair,Furniture,1,8000.0
709,2024-03-24,Arjun Patel,arjun.patel@example.com,North,Office Chair,Furniture,5,40000.0
735,2024-04-06,Pooja Reddy,pooja.reddy@example.com,North,Office Chair,Furniture,4,32000.0
744,2024-03-24,Amit Singh,amit.singh@example.com,North,Office Chair,Furniture,4,32000.0
829,2024-08-28,Simran Reddy,simran.reddy@example.com,North,Office Chair,Furniture,4,32000.0
868,2023-12-15,Karan Kumar,karan.kumar@example.com,North,Office Chair,Furniture,1,8000.0
996,2024-01-10,Sneha Kumar,sneha.kumar@example.com,North,Office Chair,Furniture,1,8000.0
997,2024-02-10,Rahul Reddy,rahul.reddy@example.com,North,Office Chair,Furniture,2,16000.0
1000,2023-12-26,Arjun Patel,arjun.patel@example.com,North,Office Chair,Furniture,2,16000.0
113,2023-11-20,Simran Sharma,simran.sharma@example.com,Central,Desk Lamp,Furniture,2,4000.0
128,2024-07-23,Neha Verma,neha.verma@example.com,Central,Desk Lamp,Furniture,5,10000.0
141,2023-03-27,Priya Chopra,priya.chopra@example.com,Central,Desk Lamp,Furniture,2,4000.0
190,2024-11-22,Amit Mehta,amit.mehta@example.com,Central,Desk Lamp,Furniture,5,10000.0
277,2024-04-09,Arjun Patel,arjun.patel@example.com,Central,Desk Lamp,Furniture,2,4000.0
423,2024-09-12,Karan Mehta,karan.mehta@example.com,Central,Desk Lamp,Furniture,1,2000.0
472,2024-01-25,Simran Mehta,simran.mehta@example.com,Central,Desk Lamp,Furniture,4,8000.0
473,2023-11-22,Sneha Iyer,sneha.iyer@example.com,Central,Desk Lamp,Furniture,2,4000.0
531,2024-09-30,Amit Reddy,amit.reddy@example.com,Central,Desk Lamp,Furniture,4,8000.0
547,2024-02-09,Arjun Chopra,arjun.chopra@example.com,Central,Desk Lamp,Furniture,2,4000.0
564,2024-09-02,Arjun Gupta,arjun.gupta@example.com,Central,Desk Lamp,Furniture,3,6000.0
577,2023-03-08,Arjun Chopra,arjun.chopra@example.com,Central,Desk Lamp,Furniture,5,10000.0
650,2024-11-20,Priya Sharma,priya.sharma@example.com,Central,Desk Lamp,Furniture,3,6000.0
672,2024-02-05,Arjun Patel,arjun.patel@example.com,Central,Desk Lamp,Furniture,5,10000.0
673,2024-11-09,Pooja Verma,pooja.verma@example.com,Central,Desk Lamp,Furniture,5,10000.0
758,2024-10-23,Rahul Verma,rahul.verma@example.com,Central,Desk Lamp,Furniture,2,4000.0
784,2023-06-18,Ravi Chopra,ravi.chopra@example.com,Central,Desk Lamp,Furniture,5,10000.0
842,2023-05-13,Sneha Sharma,sneha.sharma@example.com,Central,Desk Lamp,Furniture,1,2000.0
972,2024-10-12,Pooja Verma,pooja.verma@example.com,Central,Desk Lamp,Furniture,5,10000.0
22,2024-10-23,Neha Singh,neha.singh@example.com,West,Desk Lamp,Furniture,4,8000.0
27,2023-04-11,Simran Verma,simran.verma@example.com,West,Desk Lamp,Furniture,4,8000.0
51,2024-04-04,Simran Iyer,simran.iyer@example.com,West,Desk Lamp,Furniture,5,10000.0
64,2023-07-05,Priya Reddy,priya.reddy@example.com,West,Desk Lamp,Furniture,1,2000.0
116,2024-09-19,Neha Verma,neha.verma@example.com,West,Desk Lamp,Furniture,3,6000.0
146,2023-03-21,Neha Chopra,neha.chopra@example.com,West,Desk Lamp,Furniture,2,4000.0
175,2024-07-02,Amit Singh,amit.singh@example.com,West,Desk Lamp,Furniture,4,8000.0
186,2024-01-25,Arjun Chopra,arjun.chopra@example.com,West,Desk Lamp,Furniture,4,8000.0
275,2023-07-26,Neha Singh,neha.singh@example.com,West,Desk Lamp,Furniture,4,8000.0
283,2023-03-03,Ravi Gupta,ravi.gupta@example.com,West,Desk Lamp,Furniture,5,10000.0
288,2024-04-20,Simran Reddy,simran.reddy@example.com,West,Desk Lamp,Furniture,5,10000.0
292,2024-12-05,Neha Reddy,neha.reddy@example.com,West,Desk Lamp,Furniture,2,4000.0
303,2023-06-01,Arjun Chopra,arjun.chopra@example.com,West,Desk Lamp,Furniture,5,10000.0
386,2023-04-01,Sneha Chopra,sneha.chopra@example.com,West,Desk Lamp,Furniture,3,6000.0
464,2023-04-07,Simran Kumar,simran.kumar@example.com,West,Desk Lamp,Furniture,4,8000.0
497,2023-09-17,Priya Iyer,priya.iyer@example.com,West,Desk Lamp,Furniture,4,8000.0
591,2024-04-29,Amit Gupta,amit.gupta@example.com,West,Desk Lamp,Furniture,4,8000.0
619,2023-05-17,Karan Mehta,karan.mehta@example.com,West,Desk Lamp,Furniture,4,8000.0
667,2023-02-28,Amit Mehta,amit.mehta@example.com,West,Desk Lamp,Furniture,1,2000.0
782,2023-01-17,Simran Gupta,simran.gupta@example.com,West,Desk Lamp,Furniture,5,10000.0
832,2024-02-01,Priya Sharma,priya.sharma@example.com,West,Desk Lamp,Furniture,2,4000.0
837,2023-08-19,Rahul Reddy,rahul.reddy@example.com,West,Desk Lamp,Furniture,2,4000.0
849,2023-04-20,Neha Sharma,neha.sharma@example.com,West,Desk Lamp,Furniture,1,2000.0
922,2023-10-17,Karan Iyer,karan.iyer@example.com,West,Desk Lamp,Furniture,1,2000.0
939,2024-08-27,Arjun Singh,arjun.singh@example.com,West,Desk Lamp,Furniture,4,8000.0
978,2024-01-05,Simran Kumar,simran.kumar@example.com,West,Desk Lamp,Furniture,5,10000.0
91,2024-07-03,Amit Verma,amit.verma@example.com,East,Desk Lamp,Furniture,5,10000.0
122,2023-10-20,Arjun Kumar,arjun.kumar@example.com,East,Desk Lamp,Furniture,4,8000.0
131,2024-07-11,Ravi Sharma,ravi.sharma@example.com,East,Desk Lamp,Furniture,3,6000.0
165,2024-01-19,Karan Verma,karan.verma@example.com,East,Desk Lamp,Furniture,1,2000.0
202,2024-04-05,Ravi Sharma,ravi.sharma@example.com,East,Desk Lamp,Furniture,2,4000.0
236,2024-04-18,Rahul Sharma,rahul.sharma@example.com,East,Desk Lamp,Furniture,3,6000.0
269,2024-10-31,Karan Kumar,karan.kumar@example.com,East,Desk Lamp,Furniture,3,6000.0
365,2024-09-25,Arjun Gupta,arjun.gupta@example.com,East,Desk Lamp,Furniture,4,8000.0
378,2023-02-08,Amit Mehta,amit.mehta@example.com,East,Desk Lamp,Furniture,1,2000.0
379,2023-05-15,Neha Sharma,neha.sharma@example.com,East,Desk Lamp,Furniture,4,8000.0
385,2024-06-24,Neha Chopra,neha.chopra@example.com,East,Desk Lamp,Furniture,4,8000.0
428,2023-09-02,Priya Patel,priya.patel@example.com,East,Desk Lamp,Furniture,2,4000.0
480,2024-08-10,Neha Chopra,neha.chopra@example.com,East,Desk Lamp,Furniture,2,4000.0
512,2024-05-19,Amit Reddy,amit.reddy@example.com,East,Desk Lamp,Furniture,5,10000.0
520,2024-10-04,Neha Chopra,neha.chopra@example.com,East,Desk Lamp,Furniture,2,4000.0
562,2023-06-01,Neha Verma,neha.verma@example.com,East,Desk Lamp,Furniture,3,6000.0
566,2024-05-15,Amit Verma,amit.verma@example.com,East,Desk Lamp,Furniture,5,10000.0
574,2024-11-06,Karan Iyer,karan.iyer@example.com,East,Desk Lamp,Furniture,1,2000.0
599,2023-01-20,Arjun Chopra,arjun.chopra@example.com,East,Desk Lamp,Furniture,4,8000.0
699,2024-01-14,Pooja Reddy,pooja.reddy@example.com,East,Desk Lamp,Furniture,2,4000.0
796,2024-09-07,Priya Kumar,priya.kumar@example.com,East,Desk Lamp,Furniture,1,2000.0
799,2023-11-03,Rahul Sharma,rahul.sharma@example.com,East,Desk Lamp,Furniture,4,8000.0
802,2023-03-12,Karan Reddy,karan.reddy@example.com,East,Desk Lamp,Furniture,1,2000.0
818,2023-03-01,Amit Gupta,amit.gupta@example.com,East,Desk Lamp,Furniture,5,10000.0
822,2023-06-03,Arjun Patel,arjun.patel@example.com,East,Desk Lamp,Furniture,2,4000.0
901,2023-12-20,Sneha Verma,sneha.verma@example.com,East,Desk Lamp,Furniture,1,2000.0
16,2023-12-20,Simran Reddy,simran.reddy@example.com,South,Desk Lamp,Furniture,5,10000.0
19,2023-07-20,Karan Mehta,karan.mehta@example.com,South,Desk Lamp,Furniture,5,10000.0
57,2023-10-21,Rahul Singh,rahul.singh@example.com,South,Desk Lamp,Furniture,2,4000.0
102,2024-10-31,Amit Kumar,amit.kumar@example.com,South,Desk Lamp,Furniture,3,6000.0
103,2024-01-29,Sneha Kumar,sneha.kumar@example.com,South,Desk Lamp,Furniture,1,2000.0
155,2023-01-11,Karan Singh,karan.singh@example.com,South,Desk Lamp,Furniture,2,4000.0
164,2023-10-29,Amit Kumar,amit.kumar@example.com,South,Desk Lamp,Furniture,2,4000.0
188,2024-09-10,Neha Gupta,neha.gupta@example.com,South,Desk Lamp,Furniture,5,10000.0
206,2023-01-19,Arjun Gupta,arjun.gupta@example.com,South,Desk Lamp,Furniture,2,4000.0
238,2023-05-14,Ravi Singh,ravi.singh@example.com,South,Desk Lamp,Furniture,4,8000.0
300,2023-04-07,Arjun Patel,arjun.patel@example.com,South,Desk Lamp,Furniture,1,2000.0
343,2023-04-27,Arjun Kumar,arjun.kumar@example.com,South,Desk Lamp,Furniture,4,8000.0
436,2023-09-02,Sneha Reddy,sneha.reddy@example.com,South,Desk Lamp,Furniture,5,10000.0
448,2024-11-19,Amit Reddy,amit.reddy@example.com,South,Desk Lamp,Furniture,2,4000.0
454,2023-12-01,Ravi Sharma,ravi.sharma@example.com,South,Desk Lamp,Furniture,2,4000.0
455,2024-10-09,Ravi Iyer,ravi.iyer@example.com,South,Desk Lamp,Furniture,3,6000.0
478,2024-04-18,Karan Sharma,karan.sharma@example.com,South,Desk Lamp,Furniture,2,4000.0
504,2023-03-23,Amit Singh,amit.singh@example.com,South,Desk Lamp,Furniture,4,8000.0
584,2024-07-08,Sneha Chopra,sneha.chopra@example.com,South,Desk Lamp,Furniture,5,10000.0
593,2023-07-06,Sneha Chopra,sneha.chopra@example.com,South,Desk Lamp,Furniture,1,2000.0
644,2023-07-31,Arjun Verma,arjun.verma@example.com,South,Desk Lamp,Furniture,3,6000.0
680,2023-10-30,Rahul Sharma,rahul.sharma@example.com,South,Desk Lamp,Furniture,3,6000.0
710,2023-08-05,Pooja Chopra,pooja.chopra@example.com,South,Desk Lamp,Furniture,3,6000.0
748,2023-01-18,Karan Kumar,karan.kumar@example.com,South,Desk Lamp,Furniture,2,4000.0
760,2024-01-01,Simran Reddy,simran.reddy@example.com,South,Desk Lamp,Furniture,3,6000.0
815,2024-03-25,Neha Chopra,neha.chopra@example.com,South,Desk Lamp,Furniture,1,2000.0
848,2023-02-17,Rahul Sharma,rahul.sharma@example.com,South,Desk Lamp,Furniture,3,6000.0
859,2023-12-31,Rahul Gupta,rahul.gupta@example.com,South,Desk Lamp,Furniture,5,10000.0
916,2023-01-22,Karan Reddy,karan.reddy@example.com,South,Desk Lamp,Furniture,5,10000.0
947,2023-08-25,Karan Mehta,karan.mehta@example.com,South,Desk Lamp,Furniture,3,6000.0
971,2024-06-13,Sneha Reddy,sneha.reddy@example.com,South,Desk Lamp,Furniture,4,8000.0
24,2024-06-08,Ravi Sharma,ravi.sharma@example.com,North,Desk Lamp,Furniture,5,10000.0
29,2023-01-31,Pooja Verma,pooja.verma@example.com,North,Desk Lamp,Furniture,1,2000.0
42,2024-04-15,Sneha Iyer,sneha.iyer@example.com,North,Desk Lamp,Furniture,1,2000.0
78,2023-02-02,Simran Gupta,simran.gupta@example.com,North,Desk Lamp,Furniture,4,8000.0
81,2023-03-26,Neha Reddy,neha.reddy@example.com,North,Desk Lamp,Furniture,3,6000.0
97,2023-05-30,Amit Verma,amit.verma@example.com,North,Desk Lamp,Furniture,4,8000.0
108,2024-07-01,Priya Iyer,priya.iyer@example.com,North,Desk Lamp,Furniture,4,8000.0
224,2024-08-19,Priya Patel,priya.patel@example.com,North,Desk Lamp,Furniture,3,6000.0
305,2024-02-06,Neha Singh,neha.singh@example.com,North,Desk Lamp,Furniture,1,2000.0
362,2024-11-25,Simran Verma,simran.verma@example.com,North,Desk Lamp,Furniture,4,8000.0
383,2023-10-17,Priya Chopra,priya.chopra@example.com,North,Desk Lamp,Furniture,2,4000.0
395,2024-01-27,Simran Patel,simran.patel@example.com,North,Desk Lamp,Furniture,1,2000.0
410,2024-01-25,Neha Reddy,neha.reddy@example.com,North,Desk Lamp,Furniture,4,8000.0
450,2023-06-17,Rahul Reddy,rahul.reddy@example.com,North,Desk Lamp,Furniture,4,8000.0
490,2023-04-09,Arjun Kumar,arjun.kumar@example.com,North,Desk Lamp,Furniture,2,4000.0
503,2024-08-24,Amit Iyer,amit.iyer@example.com,North,Desk Lamp,Furniture,3,6000.0
536,2024-11-27,Neha Singh,neha.singh@example.com,North,Desk Lamp,Furniture,3,6000.0
543,2024-08-02,Sneha Iyer,sneha.iyer@example.com,North,Desk Lamp,Furniture,1,2000.0
579,2024-01-27,Sneha Chopra,sneha.chopra@example.com,North,Desk Lamp,Furniture,3,6000.0
613,2024-12-07,Neha Singh,neha.singh@example.com,North,Desk Lamp,Furniture,1,2000.0
636,2023-06-13,Pooja Sharma,pooja.sharma@example.com,North,Desk Lamp,Furniture,5,10000.0
637,2024-10-08,Priya Sharma,priya.sharma@example.com,North,Desk Lamp,Furniture,1,2000.0
639,2023-06-06,Simran Reddy,simran.reddy@example.com,North,Desk Lamp,Furniture,1,2000.0
647,2023-12-28,Neha Chopra,neha.chopra@example.com,North,Desk Lamp,Furniture,4,8000.0
751,2024-03-31,Amit Reddy,amit.reddy@example.com,North,Desk Lamp,Furniture,4,8000.0
789,2023-08-07,Neha Reddy,neha.reddy@example.com,North,Desk Lamp,Furniture,2,4000.0
812,2023-09-20,Sneha Sharma,sneha.sharma@example.com,North,Desk Lamp,Furniture,5,10000.0
940,2023-03-09,Sneha Chopra,sneha.chopra@example.com,North,Desk Lamp,Furniture,1,2000.0
25,2023-09-02,Rahul Singh,rahul.singh@example.com,Central,Monitor,Electronics,4,48000.0
33,2023-08-17,Neha Gupta,neha.gupta@example.com,Central,Monitor,Electronics,1,12000.0
85,2023-08-25,Simran Verma,simran.verma@example.com,Central,Monitor,Electronics,2,24000.0
101,2024-07-27,Rahul Singh,rahul.singh@example.com,Central,Monitor,Electronics,2,24000.0
111,2024-11-15,Amit Reddy,amit.reddy@example.com,Central,Monitor,Electronics,1,12000.0
135,2023-12-15,Karan Chopra,karan.chopra@example.com,Central,Monitor,Electronics,2,24000.0
137,2023-05-08,Karan Sharma,karan.sharma@example.com,Central,Monitor,Electronics,5,60000.0
180,2024-09-26,Rahul Singh,rahul.singh@example.com,Central,Monitor,Electronics,3,36000.0
208,2024-01-15,Pooja Sharma,pooja.sharma@example.com,Central,Monitor,Electronics,4,48000.0
209,2024-06-30,Karan Mehta,karan.mehta@example.com,Central,Monitor,Electronics,4,48000.0
223,2024-09-13,Ravi Gupta,ravi.gupta@example.com,Central,Monitor,Electronics,3,36000.0
249,2024-11-16,Ravi Chopra,ravi.chopra@example.com,Central,Monitor,Electronics,1,12000.0
278,2023-11-18,Neha Chopra,neha.chopra@example.com,Central,Monitor,Electronics,1,12000.0
335,2023-12-19,Neha Chopra,neha.chopra@example.com,Central,Monitor,Electronics,3,36000.0
364,2024-01-29,Rahul Reddy,rahul.reddy@example.com,Central,Monitor,Electronics,5,60000.0
399,2024-08-30,Neha Verma,neha.verma@example.com,Central,Monitor,Electronics,4,48000.0
401,2023-08-09,Simran Reddy,simran.reddy@example.com,Central,Monitor,Electronics,2,24000.0
463,2023-11-01,Pooja Singh,pooja.singh@example.com,Central,Monitor,Electronics,4,48000.0
499,2023-04-22,Amit Mehta,amit.mehta@example.com,Central,Monitor,Electronics,5,60000.0
522,2024-03-12,Ravi Chopra,ravi.chopra@example.com,Central,Monitor,Electronics,1,12000.0
558,2023-11-19,Ravi Iyer,ravi.iyer@example.com,Central,Monitor,Electronics,2,24000.0
565,2023-10-14,Amit Gupta,amit.gupta@example.com,Central,Monitor,Electronics,5,60000.0
590,2023-09-23,Karan Singh,karan.singh@example.com,Central,Monitor,Electronics,2,24000.0
675,2024-11-29,Neha Verma,neha.verma@example.com,Central,Monitor,Electronics,3,36000.0
738,2024-12-15,Sneha Sharma,sneha.sharma@example.com,Central,Monitor,Electronics,5,60000.0
749,2024-02-08,Arjun Singh,arjun.singh@example.com,Central,Monitor,Electronics,5,60000.0
851,2023-12-06,Arjun Gupta,arjun.gupta@example.com,Central,Monitor,Electronics,3,36000.0
869,2023-11-13,Karan Singh,karan.singh@example.com,Central,Monitor,Electronics,2,24000.0
920,2024-11-16,Neha Verma,neha.verma@example.com,Central,Monitor,Electronics,5,60000.0
14,2024-03-17,Karan Mehta,karan.mehta@example.com,West,Monitor,Electronics,2,24000.0
142,2023-11-26,Priya Iyer,priya.iyer@example.com,West,Monitor,Electronics,5,60000.0
158,2024-07-06,Amit Reddy,amit.reddy@example.com,West,Monitor,Electronics,1,12000.0
160,2023-09-24,Simran Mehta,simran.mehta@example.com,West,Monitor,Electronics,1,12000.0
162,2024-03-28,Neha Singh,neha.singh@example.com,West,Monitor,Electronics,1,12000.0
166,2024-06-06,Arjun Chopra,arjun.chopra@example.com,West,Monitor,Electronics,1,12000.0
172,2023-08-16,Arjun Chopra,arjun.chopra@example.com,West,Monitor,Electronics,5,60000.0
187,2024-12-04,Karan Chopra,karan.chopra@example.com,West,Monitor,Electronics,5,60000.0
201,2023-05-15,Arjun Patel,arjun.patel@example.com,West,Monitor,Electronics,1,12000.0
210,2024-07-22,Karan Singh,karan.singh@example.com,West,Monitor,Electronics,1,12000.0
306,2023-03-25,Pooja Verma,pooja.verma@example.com,West,Monitor,Electronics,2,24000.0
412,2023-07-11,Rahul Reddy,rahul.reddy@example.com,West,Monitor,Electronics,1,12000.0
496,2024-10-27,Arjun Chopra,arjun.chopra@example.com,West,Monitor,Electronics,4,48000.0
544,2024-10-04,Simran Patel,simran.patel@example.com,West,Monitor,Electronics,2,24000.0
578,2024-12-22,Rahul Sharma,rahul.sharma@example.com,West,Monitor,Electronics,1,12000.0
580,2024-11-07,Ravi Sharma,ravi.sharma@example.com,West,Monitor,Electronics,1,12000.0
620,2023-05-20,Pooja Chopra,pooja.chopra@example.com,West,Monitor,Electronics,5,60000.0
645,2023-06-05,Amit Gupta,amit.gupta@example.com,West,Monitor,Electronics,4,48000.0
665,2024-04-27,Priya Patel,priya.patel@example.com,West,Monitor,Electronics,3,36000.0
793,2024-10-20,Karan Mehta,karan.mehta@example.com,West,Monitor,Electronics,5,60000.0
800,2024-08-05,Sneha Verma,sneha.verma@example.com,West,Monitor,Electronics,4,48000.0
825,2024-04-22,Neha Chopra,neha.chopra@example.com,West,Monitor,Electronics,5,60000.0
874,2023-10-22,Sneha Verma,sneha.verma@example.com,West,Monitor,Electronics,5,60000.0
880,2023-07-08,Simran Gupta,simran.gupta@example.com,West,Monitor,Electronics,5,60000.0
945,2023-09-19,Sneha Verma,sneha.verma@example.com,West,Monitor,Electronics,3,36000.0
956,2023-06-26,Amit Kumar,amit.kumar@example.com,West,Monitor,Electronics,2,24000.0
82,2023-05-14,Karan Mehta,karan.mehta@example.com,East,Monitor,Electronics,3,36000.0
84,2024-01-11,Pooja Singh,pooja.singh@example.com,East,Monitor,Electronics,3,36000.0
149,2023-02-18,Rahul Reddy,rahul.reddy@example.com,East,Monitor,Electronics,4,48000.0
197,2024-02-27,Karan Sharma,karan.sharma@example.com,East,Monitor,Electronics,2,24000.0
211,2024-11-27,Karan Sharma,karan.sharma@example.com,East,Monitor,Electronics,4,48000.0
220,2023-10-05,Simran Reddy,simran.reddy@example.com,East,Monitor,Electronics,1,12000.0
222,2023-02-04,Ravi Singh,ravi.singh@example.com,East,Monitor,Electronics,3,36000.0
279,2024-08-18,Pooja Sharma,pooja.sharma@example.com,East,Monitor,Electronics,1,12000.0
388,2023-01-20,Neha Kumar,neha.kumar@example.com,East,Monitor,Electronics,4,48000.0
406,2023-09-13,Simran Verma,simran.verma@example.com,East,Monitor,Electronics,5,60000.0
420,2024-08-05,Pooja Sharma,pooja.sharma@example.com,East,Monitor,Electronics,1,12000.0
466,2024-05-09,Sneha Verma,sneha.verma@example.com,East,Monitor,Electronics,1,12000.0
540,2024-07-14,Priya Chopra,priya.chopra@example.com,East,Monitor,Electronics,4,48000.0
575,2024-05-08,Neha Chopra,neha.chopra@example.com,East,Monitor,Electronics,2,24000.0
682,2024-12-28,Amit Gupta,amit.gupta@example.com,East,Monitor,Electronics,3,36000.0
684,2023-02-10,Karan Mehta,karan.mehta@example.com,East,Monitor,Electronics,5,60000.0
785,2024-03-28,Priya Sharma,priya.sharma@example.com,East,Monitor,Electronics,5,60000.0
794,2023-02-22,Neha Iyer,neha.iyer@example.com,East,Monitor,Electronics,4,48000.0
847,2023-01-15,Sneha Sharma,sneha.sharma@example.com,East,Monitor,Electronics,3,36000.0
890,2023-09-04,Ravi Chopra,ravi.chopra@example.com,East,Monitor,Electronics,5,60000.0
905,2024-09-25,Sneha Iyer,sneha.iyer@example.com,East,Monitor,Electronics,2,24000.0
969,2023-10-26,Neha Kumar,neha.kumar@example.com,East,Monitor,Electronics,4,48000.0
982,2024-08-03,Neha Reddy,neha.reddy@example.com,East,Monitor,Electronics,2,24000.0
69,2023-10-24,Priya Reddy,priya.reddy@example.com,South,Monitor,Electronics,1,12000.0
215,2023-05-24,Sneha Kumar,sneha.kumar@example.com,South,Monitor,Electronics,4,48000.0
260,2023-11-09,Amit Reddy,amit.reddy@example.com,South,Monitor,Electronics,1,12000.0
339,2023-08-17,Ravi Sharma,ravi.sharma@example.com,South,Monitor,Electronics,1,12000.0
350,2024-10-24,Pooja Singh,pooja.singh@example.com,South,Monitor,Electronics,3,36000.0
353,2023-03-04,Amit Verma,amit.verma@example.com,South,Monitor,Electronics,3,36000.0
419,2024-05-21,Neha Kumar,neha.kumar@example.com,South,Monitor,Electronics,1,12000.0
592,2024-03-27,Sneha Reddy,sneha.reddy@example.com,South,Monitor,Electronics,4,48000.0
622,2024-09-28,Sneha Chopra,sneha.chopra@example.com,South,Monitor,Electronics,1,12000.0
724,2023-07-20,Neha Verma,neha.verma@example.com,South,Monitor,Electronics,2,24000.0
780,2024-12-14,Rahul Reddy,rahul.reddy@example.com,South,Monitor,Electronics,5,60000.0
807,2024-03-09,Priya Kumar,priya.kumar@example.com,South,Monitor,Electronics,4,48000.0
834,2024-06-27,Simran Mehta,simran.mehta@example.com,South,Monitor,Electronics,4,48000.0
841,2023-09-13,Pooja Singh,pooja.singh@example.com,South,Monitor,Electronics,1,12000.0
861,2023-04-12,Ravi Sharma,ravi.sharma@example.com,South,Monitor,Electronics,4,48000.0
870,2024-04-15,Neha Singh,neha.singh@example.com,South,Monitor,Electronics,5,60000.0
878,2024-07-31,Priya Sharma,priya.sharma@example.com,South,Monitor,Electronics,4,48000.0
903,2024-12-16,Simran Mehta,simran.mehta@example.com,South,Monitor,Electronics,5,60000.0
911,2024-05-13,Neha Kumar,neha.kumar@example.com,South,Monitor,Electronics,1,12000.0
923,2024-03-15,Sneha Verma,sneha.verma@example.com,South,Monitor,Electronics,1,12000.0
927,2023-08-18,Arjun Chopra,arjun.chopra@example.com,South,Monitor,Electronics,2,24000.0
6,2023-11-09,Sneha Chopra,sneha.chopra@example.com,North,Monitor,Electronics,5,60000.0
61,2024-01-06,Priya Sharma,priya.sharma@example.com,North,Monitor,Electronics,3,36000.0
105,2024-03-21,Neha Chopra,neha.chopra@example.com,North,Monitor,Electronics,2,24000.0
168,2024-08-01,Rahul Sharma,rahul.sharma@example.com,North,Monitor,Electronics,3,36000.0
176,2023-09-28,Neha Kumar,neha.kumar@example.com,North,Monitor,Electronics,5,60000.0
192,2023-02-28,Karan Sharma,karan.sharma@example.com,North,Monitor,Electronics,2,24000.0
315,2023-03-24,Karan Sharma,karan.sharma@example.com,North,Monitor,Electronics,4,48000.0
321,2024-05-12,Karan Chopra,karan.chopra@example.com,North,Monitor,Electronics,1,12000.0
326,2023-11-05,Neha Singh,neha.singh@example.com,North,Monitor,Electronics,1,12000.0
354,2024-11-10,Karan Sharma,karan.sharma@example.com,North,Monitor,Electronics,1,12000.0
430,2024-08-24,Neha Iyer,neha.iyer@example.com,North,Monitor,Electronics,4,48000.0
443,2024-12-07,Arjun Iyer,arjun.iyer@example.com,North,Monitor,Electronics,5,60000.0
460,2024-04-07,Amit Mehta,amit.mehta@example.com,North,Monitor,Electronics,1,12000.0
506,2023-12-11,Simran Kumar,simran.kumar@example.com,North,Monitor,Electronics,1,12000.0
513,2024-12-16,Arjun Gupta,arjun.gupta@example.com,North,Monitor,Electronics,2,24000.0
524,2023-12-06,Karan Kumar,karan.kumar@example.com,North,Monitor,Electronics,5,60000.0
576,2024-06-10,Rahul Reddy,rahul.reddy@example.com,North,Monitor,Electronics,2,24000.0
689,2023-05-07,Amit Iyer,amit.iyer@example.com,North,Monitor,Electronics,5,60000.0
705,2024-08-19,Simran Kumar,simran.kumar@example.com,North,Monitor,Electronics,5,60000.0
713,2023-09-02,Sneha Chopra,sneha.chopra@example.com,North,Monitor,Electronics,1,12000.0
795,2024-09-24,Karan Mehta,karan.mehta@example.com,North,Monitor,Electronics,1,12000.0
817,2023-06-01,Arjun Patel,arjun.patel@example.com,North,Monitor,Electronics,1,12000.0
823,2023-08-27,Neha Verma,neha.verma@example.com,North,Monitor,Electronics,5,60000.0
888,2024-08-22,Arjun Chopra,arjun.chopra@example.com,North,Monitor,Electronics,4,48000.0
889,2023-10-27,Amit Kumar,amit.kumar@example.com,North,Monitor,Electronics,1,12000.0
955,2023-11-03,Amit Reddy,amit.reddy@example.com,North,Monitor,Electronics,5,60000.0
990,2024-10-12,Karan Verma,karan.verma@example.com,North,Monitor,Electronics,4,48000.0
36,2023-06-10,Neha Sharma,neha.sharma@example.com,Central,Keyboard,Accessories,4,6000.0
53,2023-01-23,Priya Iyer,priya.iyer@example.com,Central,Keyboard,Accessories,1,1500.0
54,2023-12-30,Simran Mehta,simran.mehta@example.com,Central,Keyboard,Accessories,2,3000.0
86,2024-01-19,Arjun Reddy,arjun.reddy@example.com,Central,Keyboard,Accessories,4,6000.0
139,2023-11-24,Amit Gupta,amit.gupta@example.com,Central,Keyboard,Accessories,4,6000.0
174,2024-02-13,Rahul Sharma,rahul.sharma@example.com,Central,Keyboard,Accessories,3,4500.0
252,2024-11-09,Rahul Reddy,rahul.reddy@example.com,Central,Keyboard,Accessories,2,3000.0
265,2023-12-01,Ravi Iyer,ravi.iyer@example.com,Central,Keyboard,Accessories,1,1500.0
377,2023-02-27,Simran Mehta,simran.mehta@example.com,Central,Keyboard,Accessories,3,4500.0
389,2024-10-03,Rahul Singh,rahul.singh@example.com,Central,Keyboard,Accessories,1,1500.0
438,2024-01-10,Amit Singh,amit.singh@example.com,Central,Keyboard,Accessories,2,3000.0
446,2024-06-07,Ravi Iyer,ravi.iyer@example.com,Central,Keyboard,Accessories,3,4500.0
492,2024-02-08,Priya Reddy,priya.reddy@example.com,Central,Keyboard,Accessories,2,3000.0
494,2023-05-27,Pooja Singh,pooja.singh@example.com,Central,Keyboard,Accessories,4,6000.0
495,2024-08-26,Rahul Singh,rahul.singh@example.com,Central,Keyboard,Accessories,5,7500.0
552,2024-09-05,Neha Chopra,neha.chopra@example.com,Central,Keyboard,Accessories,5,7500.0
589,2023-01-31,Pooja Chopra,pooja.chopra@example.com,Central,Keyboard,Accessories,2,3000.0
654,2024-06-07,Karan Sharma,karan.sharma@example.com,Central,Keyboard,Accessories,2,3000.0
669,2024-06-22,Rahul Verma,rahul.verma@example.com,Central,Keyboard,Accessories,3,4500.0
685,2023-12-15,Simran Reddy,simran.reddy@example.com,Central,Keyboard,Accessories,1,1500.0
750,2024-08-18,Amit Kumar,amit.kumar@example.com,Central,Keyboard,Accessories,3,4500.0
771,2024-12-19,Neha Singh,neha.singh@example.com,Central,Keyboard,Accessories,3,4500.0
926,2023-01-24,Rahul Reddy,rahul.reddy@example.com,Central,Keyboard,Accessories,5,7500.0
935,2023-08-06,Karan Mehta,karan.mehta@example.com,Central,Keyboard,Accessories,1,1500.0
946,2024-12-11,Pooja Chopra,pooja.chopra@example.com,Central,Keyboard,Accessories,1,1500.0
962,2023-10-10,Priya Kumar,priya.kumar@example.com,Central,Keyboard,Accessories,1,1500.0
963,2023-03-13,Priya Reddy,priya.reddy@example.com,Central,Keyboard,Accessories,1,1500.0
970,2024-02-07,Amit Mehta,amit.mehta@example.com,Central,Keyboard,Accessories,5,7500.0
986,2023-09-30,Arjun Iyer,arjun.iyer@example.com,Central,Keyboard,Accessories,1,1500.0
31,2023-08-03,Amit Singh,amit.singh@example.com,West,Keyboard,Accessories,4,6000.0
87,2023-03-07,Rahul Reddy,rahul.reddy@example.com,West,Keyboard,Accessories,4,6000.0
112,2023-04-14,Amit Kumar,amit.kumar@example.com,West,Keyboard,Accessories,3,4500.0
148,2023-10-16,Karan Kumar,karan.kumar@example.com,West,Keyboard,Accessories,3,4500.0
191,2023-08-08,Karan Chopra,karan.chopra@example.com,West,Keyboard,Accessories,3,4500.0
193,2023-10-06,Rahul Sharma,rahul.sharma@example.com,West,Keyboard,Accessories,3,4500.0
213,2024-06-21,Neha Iyer,neha.iyer@example.com,West,Keyboard,Accessories,5,7500.0
240,2023-06-11,Neha Kumar,neha.kumar@example.com,West,Keyboard,Accessories,1,1500.0
248,2024-04-29,Arjun Chopra,arjun.chopra@example.com,West,Keyboard,Accessories,3,4500.0
263,2024-09-09,Arjun Kumar,arjun.kumar@example.com,West,Keyboard,Accessories,4,6000.0
304,2023-09-05,Simran Patel,simran.patel@example.com,West,Keyboard,Accessories,4,6000.0
336,2024-01-05,Neha Verma,neha.verma@example.com,West,Keyboard,Accessories,4,6000.0
434,2023-02-01,Rahul Sharma,rahul.sharma@example.com,West,Keyboard,Accessories,4,6000.0
440,2023-03-10,Karan Singh,karan.singh@example.com,West,Keyboard,Accessories,1,1500.0
508,2024-06-16,Amit Kumar,amit.kumar@example.com,West,Keyboard,Accessories,4,6000.0
527,2023-12-14,Arjun Verma,arjun.verma@example.com,West,Keyboard,Accessories,3,4500.0
533,2024-06-05,Priya Kumar,priya.kumar@example.com,West,Keyboard,Accessories,4,6000.0
606,2023-01-24,Arjun Chopra,arjun.chopra@example.com,West,Keyboard,Accessories,3,4500.0
642,2023-11-20,Ravi Singh,ravi.singh@example.com,West,Keyboard,Accessories,4,6000.0
658,2024-02-20,Sneha Kumar,sneha.kumar@example.com,West,Keyboard,Accessories,4,6000.0
686,2024-07-01,Amit Reddy,amit.reddy@example.com,West,Keyboard,Accessories,2,3000.0
719,2023-01-26,Arjun Patel,arjun.patel@example.com,West,Keyboard,Accessories,5,7500.0
828,2023-12-21,Neha Chopra,neha.chopra@example.com,West,Keyboard,Accessories,3,4500.0
833,2023-02-21,Simran Reddy,simran.reddy@example.com,West,Keyboard,Accessories,5,7500.0
896,2023-01-14,Sneha Chopra,sneha.chopra@example.com,West,Keyboard,Accessories,5,7500.0
912,2023-07-20,Rahul Gupta,rahul.gupta@example.com,West,Keyboard,Accessories,1,1500.0
929,2024-05-03,Sneha Sharma,sneha.sharma@example.com,West,Keyboard,Accessories,3,4500.0
938,2024-03-12,Sneha Reddy,sneha.reddy@example.com,West,Keyboard,Accessories,4,6000.0
989,2023-04-13,Neha Kumar,neha.kumar@example.com,West,Keyboard,Accessories,1,1500.0
107,2024-08-24,Priya Chopra,priya.chopra@example.com,East,Keyboard,Accessories,5,7500.0
217,2023-02-16,Simran Reddy,simran.reddy@example.com,East,Keyboard,Accessories,2,3000.0
246,2023-07-29,Neha Chopra,neha.chopra@example.com,East,Keyboard,Accessories,1,1500.0
271,2024-06-10,Arjun Singh,arjun.singh@example.com,East,Keyboard,Accessories,4,6000.0
274,2024-06-27,Karan Mehta,karan.mehta@example.com,East,Keyboard,Accessories,2,3000.0
333,2024-07-17,Rahul Sharma,rahul.sharma@example.com,East,Keyboard,Accessories,4,6000.0
367,2023-03-26,Neha Singh,neha.singh@example.com,East,Keyboard,Accessories,3,4500.0
598,2024-02-29,Priya Kumar,priya.kumar@example.com,East,Keyboard,Accessories,1,1500.0
646,2023-06-18,Priya Reddy,priya.reddy@example.com,East,Keyboard,Accessories,5,7500.0
652,2024-10-04,Sneha Iyer,sneha.iyer@example.com,East,Keyboard,Accessories,5,7500.0
717,2023-09-01,Neha Iyer,neha.iyer@example.com,East,Keyboard,Accessories,2,3000.0
821,2024-09-19,Amit Singh,amit.singh@example.com,East,Keyboard,Accessories,4,6000.0
846,2023-08-31,Rahul Reddy,rahul.reddy@example.com,East,Keyboard,Accessories,3,4500.0
857,2023-03-16,Ravi Sharma,ravi.sharma@example.com,East,Keyboard,Accessories,3,4500.0
936,2024-11-17,Amit Gupta,amit.gupta@example.com,East,Keyboard,Accessories,5,7500.0
5,2024-12-27,Amit Reddy,amit.reddy@example.com,South,Keyboard,Accessories,3,8500.0
32,2024-12-14,Neha Kumar,neha.kumar@example.com,South,Keyboard,Accessories,4,6000.0
94,2023-03-14,Karan Chopra,karan.chopra@example.com,South,Keyboard,Accessories,2,3000.0
115,2023-06-19,Amit Singh,amit.singh@example.com,South,Keyboard,Accessories,3,4500.0
127,2024-07-03,Neha Chopra,neha.chopra@example.com,South,Keyboard,Accessories,5,7500.0
167,2023-07-22,Amit Iyer,amit.iyer@example.com,South,Keyboard,Accessories,1,1500.0
247,2024-02-13,Neha Chopra,neha.chopra@example.com,South,Keyboard,Accessories,2,3000.0
316,2023-05-29,Rahul Sharma,rahul.sharma@example.com,South,Keyboard,Accessories,3,4500.0
414,2023-06-08,Amit Kumar,amit.kumar@example.com,South,Keyboard,Accessories,2,3000.0
424,2023-07-07,Neha Reddy,neha.reddy@example.com,South,Keyboard,Accessories,3,4500.0
435,2023-03-13,Amit Singh,amit.singh@example.com,South,Keyboard,Accessories,3,4500.0
445,2023-03-13,Sneha Kumar,sneha.kumar@example.com,South,Keyboard,Accessories,3,4500.0
486,2023-10-13,Amit Mehta,amit.mehta@example.com,South,Keyboard,Accessories,5,7500.0
539,2024-12-12,Karan Singh,karan.singh@example.com,South,Keyboard,Accessories,1,1500.0
608,2023-07-28,Karan Sharma,karan.sharma@example.com,South,Keyboard,Accessories,1,1500.0
610,2024-05-24,Neha Reddy,neha.reddy@example.com,South,Keyboard,Accessories,1,1500.0
627,2023-07-24,Amit Kumar,amit.kumar@example.com,South,Keyboard,Accessories,3,4500.0
640,2023-11-12,Simran Mehta,simran.mehta@example.com,South,Keyboard,Accessories,1,1500.0
660,2023-12-24,Simran Verma,simran.verma@example.com,South,Keyboard,Accessories,1,1500.0
766,2023-06-14,Arjun Kumar,arjun.kumar@example.com,South,Keyboard,Accessories,3,4500.0
830,2023-09-19,Pooja Reddy,pooja.reddy@example.com,South,Keyboard,Accessories,4,6000.0
838,2023-07-12,Rahul Sharma,rahul.sharma@example.com,South,Keyboard,Accessories,3,4500.0
850,2024-08-27,Arjun Chopra,arjun.chopra@example.com,South,Keyboard,Accessories,4,6000.0
879,2023-01-29,Priya Reddy,priya.reddy@example.com,South,Keyboard,Accessories,2,3000.0
884,2024-04-03,Ravi Singh,ravi.singh@example.com,South,Keyboard,Accessories,5,7500.0
906,2023-01-21,Neha Gupta,neha.gupta@example.com,South,Keyboard,Accessories,3,4500.0
950,2023-06-15,Simran Verma,simran.verma@example.com,South,Keyboard,Accessories,3,4500.0
1,2024-06-29,Neha Chopra,neha.chopra@example.com,North,Keyboard,Accessories,10,9000.0
48,2023-08-21,Sneha Sharma,sneha.sharma@example.com,North,Keyboard,Accessories,1,1500.0
67,2024-08-09,Priya Sharma,priya.sharma@example.com,North,Keyboard,Accessories,4,6000.0
72,2024-07-12,Simran Mehta,simran.mehta@example.com,North,Keyboard,Accessories,1,1500.0
74,2024-10-26,Arjun Iyer,arjun.iyer@example.com,North,Keyboard,Accessories,4,6000.0
76,2023-10-29,Karan Mehta,karan.mehta@example.com,North,Keyboard,Accessories,2,3000.0
121,2024-03-03,Neha Reddy,neha.reddy@example.com,North,Keyboard,Accessories,2,3000.0
132,2024-10-17,Sneha Sharma,sneha.sharma@example.com,North,Keyboard,Accessories,2,3000.0
204,2024-04-23,Arjun Chopra,arjun.chopra@example.com,North,Keyboard,Accessories,4,6000.0
242,2024-01-26,Arjun Gupta,arjun.gupta@example.com,North,Keyboard,Accessories,5,7500.0
349,2023-04-26,Arjun Reddy,arjun.reddy@example.com,North,Keyboard,Accessories,2,3000.0
391,2024-08-07,Priya Chopra,priya.chopra@example.com,North,Keyboard,Accessories,4,6000.0
458,2023-08-15,Arjun Gupta,arjun.gupta@example.com,North,Keyboard,Accessories,1,1500.0
485,2024-09-15,Ravi Sharma,ravi.sharma@example.com,North,Keyboard,Accessories,3,4500.0
560,2023-05-19,Rahul Reddy,rahul.reddy@example.com,North,Keyboard,Accessories,5,7500.0
572,2024-11-17,Ravi Sharma,ravi.sharma@example.com,North,Keyboard,Accessories,3,4500.0
585,2023-07-24,Amit Singh,amit.singh@example.com,North,Keyboard,Accessories,4,6000.0
587,2024-11-24,Sneha Chopra,sneha.chopra@example.com,North,Keyboard,Accessories,2,3000.0
617,2024-11-03,Arjun Patel,arjun.patel@example.com,North,Keyboard,Accessories,3,4500.0
618,2024-01-09,Karan Sharma,karan.sharma@example.com,North,Keyboard,Accessories,1,1500.0
698,2024-06-03,Rahul Sharma,rahul.sharma@example.com,North,Keyboard,Accessories,2,3000.0
714,2024-09-10,Arjun Singh,arjun.singh@example.com,North,Keyboard,Accessories,3,4500.0
732,2024-03-19,Neha Chopra,neha.chopra@example.com,North,Keyboard,Accessories,4,6000.0
767,2024-11-17,Amit Iyer,amit.iyer@example.com,North,Keyboard,Accessories,4,6000.0
781,2023-02-19,Ravi Chopra,ravi.chopra@example.com,North,Keyboard,Accessories,1,1500.0
816,2023-06-14,Amit Singh,amit.singh@example.com,North,Keyboard,Accessories,5,7500.0
819,2024-03-03,Neha Singh,neha.singh@example.com,North,Keyboard,Accessories,4,6000.0
875,2023-07-25,Ravi Sharma,ravi.sharma@example.com,North,Keyboard,Accessories,1,1500.0
987,2023-07-25,Karan Reddy,karan.reddy@example.com,North,Keyboard,Accessories,3,4500.0
100,2024-03-24,Arjun Chopra,arjun.chopra@example.com,Central,Mouse,Accessories,2,1400.0
104,2024-01-04,Priya Chopra,priya.chopra@example.com,Central,Mouse,Accessories,1,700.0
123,2023-01-30,Rahul Reddy,rahul.reddy@example.com,Central,Mouse,Accessories,5,3500.0
183,2024-08-27,Ravi Sharma,ravi.sharma@example.com,Central,Mouse,Accessories,3,2100.0
212,2024-11-23,Neha Chopra,neha.chopra@example.com,Central,Mouse,Accessories,1,700.0
216,2024-03-10,Amit Gupta,amit.gupta@example.com,Central,Mouse,Accessories,4,2800.0
404,2024-06-08,Rahul Reddy,rahul.reddy@example.com,Central,Mouse,Accessories,2,1400.0
476,2024-09-03,Karan Mehta,karan.mehta@example.com,Central,Mouse,Accessories,4,2800.0
571,2023-05-22,Sneha Kumar,sneha.kumar@example.com,Central,Mouse,Accessories,4,2800.0
615,2024-11-08,Sneha Reddy,sneha.reddy@example.com,Central,Mouse,Accessories,4,2800.0
653,2023-10-19,Sneha Sharma,sneha.sharma@example.com,Central,Mouse,Accessories,4,2800.0
679,2024-10-14,Priya Patel,priya.patel@example.com,Central,Mouse,Accessories,5,3500.0
790,2024-09-25,Arjun Chopra,arjun.chopra@example.com,Central,Mouse,Accessories,5,3500.0
803,2023-11-15,Amit Singh,amit.singh@example.com,Central,Mouse,Accessories,2,1400.0
826,2024-09-23,Amit Reddy,amit.reddy@example.com,Central,Mouse,Accessories,2,1400.0
887,2023-03-28,Ravi Gupta,ravi.gupta@example.com,Central,Mouse,Accessories,3,2100.0
891,2024-05-29,Pooja Verma,pooja.verma@example.com,Central,Mouse,Accessories,3,2100.0
980,2023-05-30,Amit Mehta,amit.mehta@example.com,Central,Mouse,Accessories,1,700.0
9,2023-12-16,Rahul Sharma,rahul.sharma@example.com,West,Mouse,Accessories,3,2100.0
18,2023-05-16,Karan Reddy,karan.reddy@example.com,West,Mouse,Accessories,3,2100.0
43,2024-04-14,Neha Singh,neha.singh@example.com,West,Mouse,Accessories,2,1400.0
44,2024-08-01,Neha Chopra,neha.chopra@example.com,West,Mouse,Accessories,5,3500.0
50,2023-04-24,Amit Singh,amit.singh@example.com,West,Mouse,Accessories,4,2800.0
71,2024-12-26,Ravi Singh,ravi.singh@example.com,West,Mouse,Accessories,3,2100.0
77,2023-08-24,Rahul Gupta,rahul.gupta@example.com,West,Mouse,Accessories,1,700.0
93,2024-03-13,Karan Singh,karan.singh@example.com,West,Mouse,Accessories,4,2800.0
133,2023-09-03,Arjun Reddy,arjun.reddy@example.com,West,Mouse,Accessories,3,2100.0
170,2023-02-22,Rahul Reddy,rahul.reddy@example.com,West,Mouse,Accessories,2,1400.0
184,2023-10-12,Pooja Chopra,pooja.chopra@example.com,West,Mouse,Accessories,3,2100.0
198,2024-10-02,Karan Singh,karan.singh@example.com,West,Mouse,Accessories,3,2100.0
251,2024-03-21,Pooja Singh,pooja.singh@example.com,West,Mouse,Accessories,4,2800.0
257,2024-11-28,Arjun Iyer,arjun.iyer@example.com,West,Mouse,Accessories,1,700.0
281,2023-12-22,Simran Gupta,simran.gupta@example.com,West,Mouse,Accessories,1,700.0
302,2024-10-05,Arjun Chopra,arjun.chopra@example.com,West,Mouse,Accessories,4,2800.0
330,2024-11-17,Pooja Reddy,pooja.reddy@example.com,West,Mouse,Accessories,1,700.0
375,2024-09-04,Amit Reddy,amit.reddy@example.com,West,Mouse,Accessories,1,700.0
437,2023-11-25,Amit Gupta,amit.gupta@example.com,West,Mouse,Accessories,2,1400.0
474,2024-10-12,Karan Mehta,karan.mehta@example.com,West,Mouse,Accessories,4,2800.0
507,2023-11-15,Amit Iyer,amit.iyer@example.com,West,Mouse,Accessories,4,2800.0
521,2024-03-26,Karan Singh,karan.singh@example.com,West,Mouse,Accessories,1,700.0
559,2024-11-15,Arjun Gupta,arjun.gupta@example.com,West,Mouse,Accessories,3,2100.0
611,2023-06-21,Karan Singh,karan.singh@example.com,West,Mouse,Accessories,2,1400.0
661,2023-10-19,Pooja Sharma,pooja.sharma@example.com,West,Mouse,Accessories,4,2800.0
664,2024-08-30,Rahul Verma,rahul.verma@example.com,West,Mouse,Accessories,2,1400.0
681,2023-12-23,Simran Sharma,simran.sharma@example.com,West,Mouse,Accessories,1,700.0
700,2024-11-26,Neha Chopra,neha.chopra@example.com,West,Mouse,Accessories,4,2800.0
702,2024-12-11,Rahul Sharma,rahul.sharma@example.com,West,Mouse,Accessories,5,3500.0
836,2024-12-24,Karan Sharma,karan.sharma@example.com,West,Mouse,Accessories,5,3500.0
877,2023-12-15,Amit Gupta,amit.gupta@example.com,West,Mouse,Accessories,4,2800.0
904,2024-06-20,Karan Singh,karan.singh@example.com,West,Mouse,Accessories,4,2800.0
924,2024-05-02,Simran Mehta,simran.mehta@example.com,West,Mouse,Accessories,3,2100.0
941,2023-07-10,Pooja Chopra,pooja.chopra@example.com,West,Mouse,Accessories,1,700.0
30,2024-06-27,Simran Mehta,simran.mehta@example.com,East,Mouse,Accessories,3,2100.0
58,2023-09-26,Simran Gupta,simran.gupta@example.com,East,Mouse,Accessories,4,2800.0
159,2024-08-31,Arjun Verma,arjun.verma@example.com,East,Mouse,Accessories,4,2800.0
182,2024-11-23,Ravi Iyer,ravi.iyer@example.com,East,Mouse,Accessories,4,2800.0
231,2024-10-11,Ravi Singh,ravi.singh@example.com,East,Mouse,Accessories,1,700.0
235,2024-10-30,Amit Kumar,amit.kumar@example.com,East,Mouse,Accessories,4,2800.0
366,2024-11-15,Amit Gupta,amit.gupta@example.com,East,Mouse,Accessories,4,2800.0
403,2023-05-06,Amit Verma,amit.verma@example.com,East,Mouse,Accessories,1,700.0
405,2024-10-12,Pooja Chopra,pooja.chopra@example.com,East,Mouse,Accessories,2,1400.0
457,2024-12-14,Simran Reddy,simran.reddy@example.com,East,Mouse,Accessories,5,3500.0
546,2023-09-14,Arjun Chopra,arjun.chopra@example.com,East,Mouse,Accessories,2,1400.0
549,2023-02-04,Priya Chopra,priya.chopra@example.com,East,Mouse,Accessories,3,2100.0
551,2024-09-02,Arjun Verma,arjun.verma@example.com,East,Mouse,Accessories,2,1400.0
567,2024-05-06,Karan Singh,karan.singh@example.com,East,Mouse,Accessories,5,3500.0
607,2024-08-18,Neha Reddy,neha.reddy@example.com,East,Mouse,Accessories,5,3500.0
648,2023-11-12,Rahul Verma,rahul.verma@example.com,East,Mouse,Accessories,3,2100.0
678,2023-07-28,Karan Verma,karan.verma@example.com,East,Mouse,Accessories,3,2100.0
690,2024-07-22,Rahul Reddy,rahul.reddy@example.com,East,Mouse,Accessories,3,2100.0
712,2024-09-11,Karan Sharma,karan.sharma@example.com,East,Mouse,Accessories,5,3500.0
764,2023-02-12,Arjun Gupta,arjun.gupta@example.com,East,Mouse,Accessories,1,700.0
773,2024-08-10,Simran Mehta,simran.mehta@example.com,East,Mouse,Accessories,4,2800.0
824,2024-12-08,Karan Mehta,karan.mehta@example.com,East,Mouse,Accessories,5,3500.0
844,2024-02-20,Arjun Patel,arjun.patel@example.com,East,Mouse,Accessories,2,1400.0
909,2024-06-16,Sneha Sharma,sneha.sharma@example.com,East,Mouse,Accessories,2,1400.0
915,2024-11-30,Amit Singh,amit.singh@example.com,East,Mouse,Accessories,2,1400.0
960,2024-09-24,Sneha Verma,sneha.verma@example.com,East,Mouse,Accessories,1,700.0
968,2024-09-11,Karan Mehta,karan.mehta@example.com,East,Mouse,Accessories,4,2800.0
979,2024-03-11,Simran Mehta,simran.mehta@example.com,East,Mouse,Accessories,2,1400.0
991,2024-05-19,Priya Chopra,priya.chopra@example.com,East,Mouse,Accessories,4,2800.0
8,2023-07-03,Amit Gupta,amit.gupta@example.com,South,Mouse,Accessories,1,70000.0
96,2023-08-09,Arjun Verma,arjun.verma@example.com,South,Mouse,Accessories,2,1400.0
114,2023-08-11,Karan Mehta,karan.mehta@example.com,South,Mouse,Accessories,1,700.0
130,2024-12-23,Karan Singh,karan.singh@example.com,South,Mouse,Accessories,1,700.0
152,2024-06-21,Neha Sharma,neha.sharma@example.com,South,Mouse,Accessories,3,2100.0
200,2023-09-25,Sneha Sharma,sneha.sharma@example.com,South,Mouse,Accessories,1,700.0
241,2024-06-07,Karan Singh,karan.singh@example.com,South,Mouse,Accessories,4,2800.0
307,2023-04-21,Neha Sharma,neha.sharma@example.com,South,Mouse,Accessories,3,2100.0
338,2023-05-17,Neha Sharma,neha.sharma@example.com,South,Mouse,Accessories,3,2100.0
351,2024-10-09,Neha Singh,neha.singh@example.com,South,Mouse,Accessories,4,2800.0
352,2023-02-08,Sneha Sharma,sneha.sharma@example.com,South,Mouse,Accessories,2,1400.0
361,2024-12-15,Ravi Chopra,ravi.chopra@example.com,South,Mouse,Accessories,4,2800.0
369,2024-09-05,Karan Mehta,karan.mehta@example.com,South,Mouse,Accessories,3,2100.0
418,2023-12-12,Rahul Reddy,rahul.reddy@example.com,South,Mouse,Accessories,1,700.0
444,2023-11-19,Ravi Sharma,ravi.sharma@example.com,South,Mouse,Accessories,5,3500.0
487,2024-03-02,Ravi Sharma,ravi.sharma@example.com,South,Mouse,Accessories,2,1400.0
498,2023-03-04,Simran Iyer,simran.iyer@example.com,South,Mouse,Accessories,1,700.0
641,2023-05-21,Sneha Verma,sneha.verma@example.com,South,Mouse,Accessories,3,2100.0
721,2023-10-27,Amit Kumar,amit.kumar@example.com,South,Mouse,Accessories,1,700.0
722,2023-02-17,Simran Kumar,simran.kumar@example.com,South,Mouse,Accessories,1,700.0
746,2024-11-12,Priya Kumar,priya.kumar@example.com,South,Mouse,Accessories,5,3500.0
747,2023-06-30,Arjun Gupta,arjun.gupta@example.com,South,Mouse,Accessories,4,2800.0
769,2023-08-25,Priya Reddy,priya.reddy@example.com,South,Mouse,Accessories,1,700.0
787,2024-12-09,Rahul Singh,rahul.singh@example.com,South,Mouse,Accessories,3,2100.0
885,2024-04-03,Priya Kumar,priya.kumar@example.com,South,Mouse,Accessories,1,700.0
913,2024-06-18,Karan Chopra,karan.chopra@example.com,South,Mouse,Accessories,3,2100.0
919,2024-04-09,Pooja Chopra,pooja.chopra@example.com,South,Mouse,Accessories,3,2100.0
964,2023-02-16,Neha Singh,neha.singh@example.com,South,Mouse,Accessories,5,3500.0
988,2024-06-22,Simran Mehta,simran.mehta@example.com,South,Mouse,Accessories,1,700.0
88,2023-02-25,Neha Iyer,neha.iyer@example.com,North,Mouse,Accessories,3,2100.0
117,2024-10-26,Ravi Sharma,ravi.sharma@example.com,North,Mouse,Accessories,4,2800.0
119,2024-08-17,Amit Gupta,amit.gupta@example.com,North,Mouse,Accessories,1,700.0
150,2023-12-16,Arjun Chopra,arjun.chopra@example.com,North,Mouse,Accessories,5,3500.0
157,2024-07-01,Sneha Sharma,sneha.sharma@example.com,North,Mouse,Accessories,1,700.0
189,2024-11-01,Arjun Verma,arjun.verma@example.com,North,Mouse,Accessories,3,2100.0
239,2023-05-18,Rahul Sharma,rahul.sharma@example.com,North,Mouse,Accessories,2,1400.0
255,2023-08-03,Sneha Sharma,sneha.sharma@example.com,North,Mouse,Accessories,3,2100.0
286,2023-06-17,Rahul Reddy,rahul.reddy@example.com,North,Mouse,Accessories,3,2100.0
290,2024-05-01,Rahul Sharma,rahul.sharma@example.com,North,Mouse,Accessories,1,700.0
291,2023-07-27,Arjun Kumar,arjun.kumar@example.com,North,Mouse,Accessories,2,1400.0
327,2023-07-01,Amit Singh,amit.singh@example.com,North,Mouse,Accessories,5,3500.0
400,2024-05-18,Amit Mehta,amit.mehta@example.com,North,Mouse,Accessories,2,1400.0
427,2024-03-21,Karan Singh,karan.singh@example.com,North,Mouse,Accessories,3,2100.0
601,2024-05-15,Simran Mehta,simran.mehta@example.com,North,Mouse,Accessories,1,700.0
602,2023-12-17,Neha Singh,neha.singh@example.com,North,Mouse,Accessories,1,700.0
625,2024-10-14,Rahul Singh,rahul.singh@example.com,North,Mouse,Accessories,4,2800.0
628,2024-06-12,Amit Kumar,amit.kumar@example.com,North,Mouse,Accessories,3,2100.0
662,2024-03-19,Ravi Singh,ravi.singh@example.com,North,Mouse,Accessories,5,3500.0
726,2024-11-13,Ravi Gupta,ravi.gupta@example.com,North,Mouse,Accessories,5,3500.0
734,2023-01-03,Priya Kumar,priya.kumar@example.com,North,Mouse,Accessories,5,3500.0
786,2023-09-15,Simran Iyer,simran.iyer@example.com,North,Mouse,Accessories,3,2100.0
797,2024-10-13,Neha Reddy,neha.reddy@example.com,North,Mouse,Accessories,1,700.0
813,2024-12-28,Pooja Reddy,pooja.reddy@example.com,North,Mouse,Accessories,5,3500.0
820,2023-10-30,Arjun Chopra,arjun.chopra@example.com,North,Mouse,Accessories,5,3500.0
845,2023-10-31,Rahul Gupta,rahul.gupta@example.com,North,Mouse,Accessories,1,700.0
985,2024-10-02,Arjun Gupta,arjun.gupta@example.com,North,Mouse,Accessories,3,2100.0
